Dataset,Model,Batch_Size,Optimizer,Epoch,Train_Loss,Train_Acc,Val_Loss,Val_Acc,Epoch_Time_sec,Cumulative_Time_sec
mnist,MNIST_ViT,8,SGD,1,0.7755933000206947,0.7474333333333333,0.983948001307249,0.6796,43.29230237007141,43.29230237007141
mnist,MNIST_ViT,8,SGD,2,1.2559267405907313,0.57085,1.061632445538044,0.6535,41.40962386131287,84.70192623138428
mnist,MNIST_ViT,8,SGD,3,,0.1369833333333333,,0.098,41.64223456382752,126.3441607952118
mnist,MNIST_ViT,8,SGD,4,,0.0987166666666666,,0.098,41.1259970664978,167.4701578617096
mnist,MNIST_ViT,8,SGD,5,,0.0987166666666666,,0.098,41.02607774734497,208.49623560905457
mnist,MNIST_ViT,8,SGD,6,,0.0987166666666666,,0.098,41.82299399375916,250.3192296028137
mnist,MNIST_ViT,8,SGD,7,,0.0987166666666666,,0.098,40.45815205574036,290.7773816585541
mnist,MNIST_ViT,8,SGD,8,,0.0987166666666666,,0.098,40.63384556770325,331.4112272262573
mnist,MNIST_ViT,8,SGD,9,,0.0987166666666666,,0.098,41.403297662734985,372.8145248889923
mnist,MNIST_ViT,8,SGD,10,,0.0987166666666666,,0.098,42.0861337184906,414.9006586074829
mnist,MNIST_ViT,8,SGD,11,,0.0987166666666666,,0.098,41.41952157020569,456.3201801776886
mnist,MNIST_ViT,8,SGD,12,,0.0987166666666666,,0.098,41.07788562774658,497.3980658054352
mnist,MNIST_ViT,8,SGD,13,,0.0987166666666666,,0.098,40.576600313186646,537.9746661186218
mnist,MNIST_ViT,8,SGD,14,,0.0987166666666666,,0.098,41.61057758331299,579.5852437019348
mnist,MNIST_ViT,8,SGD,15,,0.0987166666666666,,0.098,42.07339382171631,621.6586375236511
mnist,MNIST_ViT,8,Adam,1,0.2937861138200387,0.90935,0.1371761045696213,0.9574,42.72775936126709,42.72775936126709
mnist,MNIST_ViT,8,Adam,2,0.1209706210976466,0.9628666666666666,0.0924306716671213,0.9713,41.581273794174194,84.30903315544128
mnist,MNIST_ViT,8,Adam,3,0.0881771457314646,0.9724666666666668,0.1050534648491535,0.9689,42.35149073600769,126.66052389144896
mnist,MNIST_ViT,8,Adam,4,0.0707272358472303,0.97785,0.0678450644883792,0.9796,43.49130201339722,170.1518259048462
mnist,MNIST_ViT,8,Adam,5,0.0605226348373534,0.9815166666666668,0.0603748576668789,0.9821,42.61845755577088,212.7702834606171
mnist,MNIST_ViT,8,Adam,6,0.050592128058096,0.9841333333333332,0.0735061077160062,0.9785,43.24834442138672,256.0186278820038
mnist,MNIST_ViT,8,Adam,7,0.0454801692739982,0.9860833333333332,0.0536627787136356,0.9846,42.13576793670654,298.1543958187103
mnist,MNIST_ViT,8,Adam,8,0.0411868033512456,0.9869166666666668,0.0530441364480531,0.9844,41.65877342224121,339.81316924095154
mnist,MNIST_ViT,8,Adam,9,0.0361979787826615,0.9877333333333334,0.0543825297350413,0.9844,42.60091996192932,382.41408920288086
mnist,MNIST_ViT,8,Adam,10,0.0328910708895806,0.9895166666666668,0.0452373306601308,0.9858,43.71000862121582,426.1240978240967
mnist,MNIST_ViT,8,Adam,11,0.0329222221048975,0.9895,0.061873134460242,0.9829,43.44189739227295,469.5659952163696
mnist,MNIST_ViT,8,Adam,12,0.0314165740375387,0.98995,0.0550862682256381,0.984,42.96356892585754,512.5295641422272
mnist,MNIST_ViT,8,Adam,13,0.0275828592772265,0.9910666666666668,0.0554815943106892,0.9859,42.34445524215698,554.8740193843842
mnist,MNIST_ViT,8,Adam,14,0.0261096913478899,0.99145,0.0688545382979034,0.9826,43.08066415786743,597.9546835422516
mnist,MNIST_ViT,8,Adam,15,0.0256442340458704,0.9917166666666668,0.0660794716960517,0.984,43.59359955787659,641.5482831001282
mnist,MNIST_ViT,8,RMSprop,1,2.311461717700958,0.1054833333333333,2.303751501846313,0.1028,42.35476541519165,42.35476541519165
mnist,MNIST_ViT,8,RMSprop,2,2.30335356165568,0.1084333333333333,2.301470638656616,0.1135,41.82478427886963,84.17954969406128
mnist,MNIST_ViT,8,RMSprop,3,2.3025973220507305,0.1086,2.3018700286865235,0.1135,41.10703039169312,125.2865800857544
mnist,MNIST_ViT,8,RMSprop,4,2.302318732833862,0.1103333333333333,2.302602108955383,0.1028,41.91027641296387,167.19685649871826
mnist,MNIST_ViT,8,RMSprop,5,2.3023659952163698,0.1096333333333333,2.301812345314026,0.1135,42.66427063941956,209.86112713813785
mnist,MNIST_ViT,8,RMSprop,6,2.302212455113729,0.1099,2.30285834274292,0.1028,41.95709180831909,251.8182189464569
mnist,MNIST_ViT,8,RMSprop,7,2.302297292868296,0.1108833333333333,2.3019083248138426,0.1135,41.83507037162781,293.6532893180847
mnist,MNIST_ViT,8,RMSprop,8,2.302161142857869,0.1116166666666666,2.301635607910156,0.1135,42.389370918273926,336.04266023635864
mnist,MNIST_ViT,8,RMSprop,9,2.302157410240173,0.1104166666666666,2.3021833757400514,0.1028,41.6594979763031,377.70215821266174
mnist,MNIST_ViT,8,RMSprop,10,2.30215097061793,0.1103333333333333,2.3016735118865967,0.1135,41.11965036392212,418.8218085765839
mnist,MNIST_ViT,8,RMSprop,11,2.3021707257906594,0.1100166666666666,2.301241749191284,0.1135,42.63009452819824,461.4519031047821
mnist,MNIST_ViT,8,RMSprop,12,2.301987741692861,0.1102666666666666,2.301094541168213,0.1135,40.71464800834656,502.1665511131287
mnist,MNIST_ViT,8,RMSprop,13,2.3021601748466494,0.1112333333333333,2.301574806022644,0.1135,42.1846649646759,544.3512160778046
mnist,MNIST_ViT,8,RMSprop,14,2.302074949359894,0.11075,2.301156482505798,0.1135,42.21120548248291,586.5624215602875
mnist,MNIST_ViT,8,RMSprop,15,2.3019976378122964,0.11035,2.301232724571228,0.1135,40.93304634094238,627.4954679012299
mnist,MNIST_ViT,8,Adasecant,1,2.308586419010162,0.1087,2.3182526540756228,0.0958,229.29975533485413,229.29975533485413
mnist,MNIST_ViT,8,Adasecant,2,2.2482497254212697,0.1388166666666666,2.142942677974701,0.1811,229.44222831726077,458.74198365211487
mnist,MNIST_ViT,8,Adasecant,3,2.154526064173381,0.1740666666666666,2.098371176147461,0.1892,228.5111622810364,687.2531459331512
mnist,MNIST_ViT,8,Adasecant,4,2.2487577481587726,0.14095,2.2295184535980224,0.1396,226.06599068641663,913.319136619568
mnist,MNIST_ViT,8,Adasecant,5,2.254137986151377,0.13635,2.265803079223633,0.1875,224.28502702713013,1137.604163646698
mnist,MNIST_ViT,8,Adasecant,6,2.2095628583272298,0.1600833333333333,2.138301301383972,0.2086,224.3996868133545,1362.0038504600525
mnist,MNIST_ViT,8,Adasecant,7,2.040409854698181,0.2381833333333333,2.02777492275238,0.2534,223.8273448944092,1585.8311953544617
mnist,MNIST_ViT,8,Adasecant,8,1.9355523917357127,0.2592833333333333,1.8500359768867491,0.2641,223.53822112083435,1809.369416475296
mnist,MNIST_ViT,8,Adasecant,9,1.8682419042905167,0.2652,1.7176630643844604,0.3023,223.6692190170288,2033.0386354923248
mnist,MNIST_ViT,8,Adasecant,10,1.793160964624087,0.2837333333333333,1.760070552587509,0.3026,223.3559546470642,2256.394590139389
mnist,MNIST_ViT,8,Adasecant,11,1.7905310967206955,0.2893166666666666,1.8556207545280456,0.2982,223.35524344444275,2479.749833583832
mnist,MNIST_ViT,8,Adasecant,12,1.7176734281222026,0.3115833333333333,1.689595671415329,0.3337,223.8449556827545,2703.5947892665863
mnist,MNIST_ViT,8,Adasecant,13,1.6740015103975932,0.3395833333333333,1.519339620256424,0.3898,224.11177682876587,2927.706566095352
mnist,MNIST_ViT,8,Adasecant,14,1.4633154338995615,0.4326666666666666,1.5992860779285432,0.4718,224.8235354423523,3152.5301015377045
mnist,MNIST_ViT,8,Adasecant,15,1.1799913709640504,0.5878,1.092847173011303,0.6379,224.0569407939911,3376.587042331696
mnist,MNIST_ViT,32,SGD,1,0.3501108538684745,0.8881666666666667,0.1263291482515633,0.9595,13.23447060585022,13.23447060585022
mnist,MNIST_ViT,32,SGD,2,0.1317801447689533,0.9597666666666668,0.099025592065975,0.9677,13.333885908126833,26.56835651397705
mnist,MNIST_ViT,32,SGD,3,0.0995483353024969,0.9680666666666666,0.0768125622118823,0.9761,12.603501319885254,39.17185783386231
mnist,MNIST_ViT,32,SGD,4,0.0800338951302071,0.9745333333333334,0.0663036973935552,0.9796,12.78360629081726,51.955464124679565
mnist,MNIST_ViT,32,SGD,5,0.0674395892529438,0.9785833333333334,0.0627136225399095,0.9802,13.237947463989258,65.19341158866882
mnist,MNIST_ViT,32,SGD,6,0.0593944395768766,0.98115,0.0598742810316383,0.9816,12.673248052597046,77.86665964126587
mnist,MNIST_ViT,32,SGD,7,0.05353045487958,0.9825166666666668,0.0612427919609472,0.9813,13.32545781135559,91.19211745262146
mnist,MNIST_ViT,32,SGD,8,0.0457340300962018,0.9853166666666666,0.0590335823724279,0.9834,13.277873277664185,104.46999073028564
mnist,MNIST_ViT,32,SGD,9,0.0435435986907687,0.9862666666666666,0.0596639457538258,0.9825,13.300920724868774,117.77091145515442
mnist,MNIST_ViT,32,SGD,10,0.0377760934581126,0.9875166666666668,0.0724242878350429,0.9796,12.905696392059326,130.67660784721377
mnist,MNIST_ViT,32,SGD,11,0.0382774414463434,0.9870333333333332,0.0556782865714631,0.9842,13.659688472747805,144.33629631996155
mnist,MNIST_ViT,32,SGD,12,0.0340816427650628,0.98865,0.0494736966839293,0.9837,12.93678879737854,157.2730851173401
mnist,MNIST_ViT,32,SGD,13,0.0340853591753169,0.9886666666666668,0.0557086762238759,0.9839,12.81592583656311,170.0890109539032
mnist,MNIST_ViT,32,SGD,14,0.029871190280312,0.9900166666666668,0.0548203049480391,0.9832,12.545354127883911,182.6343650817871
mnist,MNIST_ViT,32,SGD,15,0.0281766441822168,0.9904333333333334,0.0499610489042359,0.9871,13.138530254364014,195.77289533615112
mnist,MNIST_ViT,32,Adam,1,0.4225728001341223,0.8668166666666667,0.1722911154597997,0.9521,12.882111072540283,12.882111072540283
mnist,MNIST_ViT,32,Adam,2,0.2040700985016922,0.9404,0.1843234234377742,0.9475,13.688308477401732,26.570419549942017
mnist,MNIST_ViT,32,Adam,3,0.1849199299459656,0.9455,0.1359731829084456,0.9626,13.164358377456663,39.73477792739868
mnist,MNIST_ViT,32,Adam,4,0.1659598414597412,0.95105,0.1214887053214013,0.9664,12.81846308708191,52.55324101448059
mnist,MNIST_ViT,32,Adam,5,0.1555177225654324,0.95435,0.1408102753788233,0.9596,13.074177265167236,65.62741827964783
mnist,MNIST_ViT,32,Adam,6,0.1621574251743654,0.95125,0.1135751167595386,0.9671,12.93725085258484,78.56466913223267
mnist,MNIST_ViT,32,Adam,7,0.1378924944147467,0.9594333333333334,0.0920890456292778,0.9728,13.382941961288452,91.94761109352112
mnist,MNIST_ViT,32,Adam,8,0.1316000760741532,0.9610166666666666,0.0922081638913601,0.9732,13.069385051727297,105.0169961452484
mnist,MNIST_ViT,32,Adam,9,0.1185215098597109,0.9645666666666668,0.0749153581902384,0.9768,12.8052818775177,117.82227802276611
mnist,MNIST_ViT,32,Adam,10,0.1128646260634064,0.9658833333333332,0.1038680852938443,0.9697,13.15738844871521,130.97966647148132
mnist,MNIST_ViT,32,Adam,11,0.1055490141028538,0.9686333333333332,0.0785443826561793,0.9767,13.158453464508057,144.13811993598938
mnist,MNIST_ViT,32,Adam,12,0.1147033759117126,0.9656333333333332,0.0752528656754642,0.9775,13.16864824295044,157.30676817893982
mnist,MNIST_ViT,32,Adam,13,0.0932344211470335,0.9719166666666668,0.068444035693258,0.9799,13.574439525604248,170.88120770454407
mnist,MNIST_ViT,32,Adam,14,0.0898769062906503,0.97295,0.0855536031238734,0.9752,13.501836776733398,184.38304448127747
mnist,MNIST_ViT,32,Adam,15,0.088334272899044,0.9734166666666668,0.0923753082739189,0.971,13.33710789680481,197.72015237808228
mnist,MNIST_ViT,32,RMSprop,1,2.316899177551269,0.1047,2.302723455429077,0.1135,13.137848377227783,13.137848377227783
mnist,MNIST_ViT,32,RMSprop,2,2.3036943649291994,0.108,2.3014171600341795,0.1135,13.064397096633911,26.20224547386169
mnist,MNIST_ViT,32,RMSprop,3,2.302713995234172,0.1099333333333333,2.302855809402466,0.0974,13.624495267868042,39.826740741729736
mnist,MNIST_ViT,32,RMSprop,4,2.302142573928833,0.1099,2.3016734901428224,0.1135,13.317415475845335,53.14415621757507
mnist,MNIST_ViT,32,RMSprop,5,2.301986628214518,0.1103333333333333,2.3015419555664063,0.1135,13.161132335662842,66.30528855323792
mnist,MNIST_ViT,32,RMSprop,6,2.3020843377431235,0.1120333333333333,2.3014136817932127,0.1135,13.515166521072388,79.8204550743103
mnist,MNIST_ViT,32,RMSprop,7,2.3018070916493736,0.1113833333333333,2.3012879447937014,0.1135,13.191997289657593,93.0124523639679
mnist,MNIST_ViT,32,RMSprop,8,2.301855332946777,0.1121333333333333,2.301471462249756,0.1135,13.641773700714111,106.654226064682
mnist,MNIST_ViT,32,RMSprop,9,2.301744065475464,0.1113333333333333,2.301342792510986,0.1135,13.546841859817505,120.20106792449953
mnist,MNIST_ViT,32,RMSprop,10,2.301633097712199,0.11175,2.301531245422363,0.1135,13.659339427947998,133.8604073524475
mnist,MNIST_ViT,32,RMSprop,11,2.30176100285848,0.1116666666666666,2.301272241210937,0.1135,12.64549708366394,146.50590443611145
mnist,MNIST_ViT,32,RMSprop,12,2.3017121519724526,0.11145,2.301772695541382,0.1135,13.405366659164429,159.91127109527588
mnist,MNIST_ViT,32,RMSprop,13,2.3017245204925536,0.1116333333333333,2.301727974700928,0.1135,13.119838953018188,173.03111004829407
mnist,MNIST_ViT,32,RMSprop,14,2.301712244796753,0.1118333333333333,2.301177442932129,0.1135,13.895740509033203,186.92685055732727
mnist,MNIST_ViT,32,RMSprop,15,2.301525225702921,0.1125666666666666,2.301486489868164,0.1028,13.326581478118896,200.25343203544617
mnist,MNIST_ViT,32,Adasecant,1,2.30551615524292,0.1089333333333333,2.301857464599609,0.1135,59.1230583190918,59.1230583190918
mnist,MNIST_ViT,32,Adasecant,2,2.302171046702067,0.1098166666666666,2.301740329742432,0.1028,58.902700424194336,118.02575874328612
mnist,MNIST_ViT,32,Adasecant,3,2.302302830505371,0.11115,2.301239910888672,0.1135,59.08481454849243,177.11057329177856
mnist,MNIST_ViT,32,Adasecant,4,,0.0996833333333333,,0.098,59.066500186920166,236.17707347869876
mnist,MNIST_ViT,32,Adasecant,5,,0.0987166666666666,,0.098,58.76183342933655,294.9389069080353
mnist,MNIST_ViT,32,Adasecant,6,,0.0987166666666666,,0.098,58.90126395225525,353.8401708602905
mnist,MNIST_ViT,32,Adasecant,7,,0.0987166666666666,,0.098,58.77268266677856,412.6128535270691
mnist,MNIST_ViT,32,Adasecant,8,,0.0987166666666666,,0.098,58.98485374450684,471.5977072715759
mnist,MNIST_ViT,32,Adasecant,9,,0.0987166666666666,,0.098,59.00657510757446,530.6042823791504
mnist,MNIST_ViT,32,Adasecant,10,,0.0987166666666666,,0.098,59.06996273994446,589.6742451190948
mnist,MNIST_ViT,32,Adasecant,11,,0.0987166666666666,,0.098,58.79226446151733,648.4665095806122
mnist,MNIST_ViT,32,Adasecant,12,,0.0987166666666666,,0.098,58.94229817390442,707.4088077545166
mnist,MNIST_ViT,32,Adasecant,13,,0.0987166666666666,,0.098,59.02456951141357,766.4333772659302
mnist,MNIST_ViT,32,Adasecant,14,,0.0987166666666666,,0.098,58.957566022872925,825.3909432888031
mnist,MNIST_ViT,32,Adasecant,15,,0.0987166666666666,,0.098,58.95319819450378,884.3441414833069
mnist,MNIST_ViT,128,SGD,1,2.3883537650108337,0.1022636217948717,2.306793978881836,0.1135,7.407949924468994,7.407949924468994
mnist,MNIST_ViT,128,SGD,2,2.306557492313222,0.103649172008547,2.302894884490967,0.1032,7.33342981338501,14.741379737854004
mnist,MNIST_ViT,128,SGD,3,2.304911079060318,0.1056523771367521,2.304617433547973,0.1135,7.279205560684204,22.020585298538208
mnist,MNIST_ViT,128,SGD,4,2.304101309715173,0.1079226762820512,2.3037508415222168,0.101,7.290710210800171,29.31129550933838
mnist,MNIST_ViT,128,SGD,5,2.304447818515647,0.1052851228632478,2.305394610977173,0.1135,7.283646821975708,36.59494233131409
mnist,MNIST_ViT,128,SGD,6,2.303844434583289,0.1062867254273504,2.3059964321136475,0.1135,7.277397394180298,43.87233972549439
mnist,MNIST_ViT,128,SGD,7,2.30401474594051,0.1085236378205128,2.304382245635986,0.1028,7.278778791427612,51.151118516922
mnist,MNIST_ViT,128,SGD,8,2.3040006868859644,0.1070045405982905,2.302557123565674,0.1135,7.307379722595215,58.45849823951721
mnist,MNIST_ViT,128,SGD,9,2.303219674489437,0.1089576655982905,2.302942263412476,0.1135,7.293344020843506,65.75184226036072
mnist,MNIST_ViT,128,SGD,10,2.303684556076669,0.1078058226495726,2.3043783332824708,0.1135,7.281785488128662,73.03362774848938
mnist,MNIST_ViT,128,SGD,11,2.3033735634934187,0.1089075854700854,2.302171117401123,0.1135,7.281588554382324,80.3152163028717
mnist,MNIST_ViT,128,SGD,12,2.3033549077490454,0.108089610042735,2.301673540496826,0.1135,7.274081468582153,87.58929777145386
mnist,MNIST_ViT,128,SGD,13,2.3037335088110376,0.1080228365384615,2.301744886779785,0.1135,7.314216375350952,94.9035141468048
mnist,MNIST_ViT,128,SGD,14,2.303162553880969,0.1066205929487179,2.3036655662536623,0.098,7.276502370834351,102.18001651763916
mnist,MNIST_ViT,128,SGD,15,2.303221897691743,0.1088408119658119,2.3032264533996583,0.101,7.277370452880859,109.45738697052002
mnist,MNIST_ViT,128,Adam,1,0.4268497113361318,0.8617621527777778,0.1506982992619276,0.9544,7.35990571975708,7.35990571975708
mnist,MNIST_ViT,128,Adam,2,0.1359669276409679,0.9597021901709402,0.1040701170258224,0.9696,7.343053340911865,14.702959060668944
mnist,MNIST_ViT,128,Adam,3,0.1134661844907662,0.9655615651709402,0.097073100182414,0.9699,7.341183185577393,22.044142246246334
mnist,MNIST_ViT,128,Adam,4,0.0978128957685528,0.970519497863248,0.0950211530022323,0.9713,7.333611249923706,29.377753496170044
mnist,MNIST_ViT,128,Adam,5,0.0873886529897522,0.9739416399572648,0.0780603620994836,0.9774,7.317163705825806,36.69491720199585
mnist,MNIST_ViT,128,Adam,6,0.0874969210240862,0.9723557692307692,0.0966692117251455,0.9723,7.379171848297119,44.07408905029297
mnist,MNIST_ViT,128,Adam,7,0.079094453004356,0.97594484508547,0.0645097152346745,0.9792,7.37449836730957,51.44858741760254
mnist,MNIST_ViT,128,Adam,8,0.0779837843500332,0.9766125801282052,0.0801962037034332,0.9762,7.320188522338867,58.768775939941406
mnist,MNIST_ViT,128,Adam,9,0.0754761857131862,0.976211939102564,0.0586782954275608,0.9819,7.345702648162842,66.11447858810425
mnist,MNIST_ViT,128,Adam,10,0.0716269133616493,0.97789797008547,0.0736650332678109,0.9801,7.329503297805786,73.44398188591003
mnist,MNIST_ViT,128,Adam,11,0.0730327922934427,0.9774973290598292,0.0665870097022503,0.9806,7.328765869140625,80.77274775505066
mnist,MNIST_ViT,128,Adam,12,0.0685603215595962,0.9786491720085472,0.0571720782317221,0.9836,7.325183391571045,88.0979311466217
mnist,MNIST_ViT,128,Adam,13,0.0654537332160637,0.9799679487179488,0.0705613179400563,0.982,7.32703161239624,95.42496275901794
mnist,MNIST_ViT,128,Adam,14,0.0612726377106359,0.9814202724358976,0.0654193493385799,0.9797,7.351663112640381,102.77662587165833
mnist,MNIST_ViT,128,Adam,15,0.0613236073912001,0.9808693910256412,0.0590711400728672,0.9823,7.3451457023620605,110.1217715740204
mnist,MNIST_ViT,128,RMSprop,1,2.3283575696822925,0.1056857638888889,2.30426307220459,0.1135,7.307303428649902,7.307303428649902
mnist,MNIST_ViT,128,RMSprop,2,2.308882182479924,0.1036157852564102,2.304559218597412,0.1009,7.292028427124023,14.599331855773926
mnist,MNIST_ViT,128,RMSprop,3,2.30444142757318,0.106537126068376,2.303042105102539,0.1135,7.311444759368896,21.910776615142822
mnist,MNIST_ViT,128,RMSprop,4,2.3030716287784085,0.1095586271367521,2.302302868270874,0.1135,7.296203136444092,29.206979751586918
mnist,MNIST_ViT,128,RMSprop,5,2.3026870280249505,0.109375,2.301272358703613,0.1135,7.299786806106567,36.50676655769348
mnist,MNIST_ViT,128,RMSprop,6,2.302175412320683,0.111328125,2.301650115203857,0.1135,7.259719133377075,43.76648569107056
mnist,MNIST_ViT,128,RMSprop,7,2.302088112403185,0.1106270032051282,2.302029588317871,0.1135,7.308371782302856,51.07485747337341
mnist,MNIST_ViT,128,RMSprop,8,2.3019258945416183,0.1118456196581196,2.3019309936523435,0.1135,7.327750444412231,58.402607917785645
mnist,MNIST_ViT,128,RMSprop,9,2.30175239357174,0.1111945779914529,2.3017923793792723,0.1135,7.268217086791992,65.67082500457764
mnist,MNIST_ViT,128,RMSprop,10,2.301806783064818,0.1118456196581196,2.301001200866699,0.1135,7.285975217819214,72.95680022239685
mnist,MNIST_ViT,128,RMSprop,11,2.3017298879786434,0.1122128739316239,2.3012797523498536,0.1135,7.29294490814209,80.24974513053894
mnist,MNIST_ViT,128,RMSprop,12,2.3016589640552163,0.1116452991452991,2.301420861816406,0.1135,7.299583673477173,87.54932880401611
mnist,MNIST_ViT,128,RMSprop,13,2.301566805085565,0.111595219017094,2.301070574951172,0.1135,7.358652114868164,94.90798091888428
mnist,MNIST_ViT,128,RMSprop,14,2.301583485216157,0.1120793269230769,2.3010527351379397,0.1135,7.315510034561157,102.22349095344543
mnist,MNIST_ViT,128,RMSprop,15,2.301561588405544,0.1118790064102564,2.3011894744873045,0.1135,7.316692352294922,109.54018330574036
mnist,MNIST_ViT,128,Adasecant,1,0.734486881739054,0.7593482905982906,0.2676819316387177,0.9211,18.7940833568573,18.7940833568573
mnist,MNIST_ViT,128,Adasecant,2,0.227053567671623,0.9299212072649572,0.1728750891804695,0.9463,18.78102397918701,37.57510733604431
mnist,MNIST_ViT,128,Adasecant,3,0.1618558522154632,0.950370592948718,0.1262596515893936,0.9617,18.76857352256775,56.34368085861206
mnist,MNIST_ViT,128,Adasecant,4,0.1315571287662809,0.958984375,0.1084561043202877,0.9664,18.785091400146484,75.12877225875854
mnist,MNIST_ViT,128,Adasecant,5,0.1103424453295958,0.9660623664529916,0.1282583221286535,0.9614,18.792069911956787,93.92084217071532
mnist,MNIST_ViT,128,Adasecant,6,0.0978994995463066,0.9701856303418804,0.0955873314969241,0.9722,18.777661323547363,112.6985034942627
mnist,MNIST_ViT,128,Adasecant,7,0.0850265616457511,0.9740084134615384,0.0957061217270791,0.9731,18.78102421760559,131.4795277118683
mnist,MNIST_ViT,128,Adasecant,8,0.0754859228319942,0.976111778846154,0.0969443467583507,0.9719,18.838640689849854,150.31816840171814
mnist,MNIST_ViT,128,Adasecant,9,0.0676511615488885,0.9788494925213675,0.1047941783882677,0.9719,18.819512605667114,169.13768100738525
mnist,MNIST_ViT,128,Adasecant,10,0.0611053466136193,0.9803518963675214,0.0995185081878677,0.9728,18.803884029388428,187.94156503677368
mnist,MNIST_ViT,128,Adasecant,11,0.0584276501675391,0.9821047008547008,0.0865037443059496,0.9771,18.77572512626648,206.71729016304016
mnist,MNIST_ViT,128,Adasecant,12,0.0553392413073283,0.9827557425213675,0.0843621087332256,0.9769,18.78642606735229,225.50371623039248
mnist,MNIST_ViT,128,Adasecant,13,0.0486011681456365,0.9850761217948718,0.100956204836769,0.9765,18.77804183959961,244.2817580699921
mnist,MNIST_ViT,128,Adasecant,14,0.0478591385181061,0.9855769230769232,0.0894731401713565,0.9764,18.77458596229553,263.0563440322876
mnist,MNIST_ViT,128,Adasecant,15,0.0452998804518531,0.9860777243589745,0.0845417097251396,0.9783,18.785075664520264,281.84141969680786
mnist,MNIST_ViT,512,SGD,1,1.875368429045392,0.2952390491452991,1.3842637577056884,0.4377,6.899854421615601,6.899854421615601
mnist,MNIST_ViT,512,SGD,2,0.982998443974389,0.6215110844017094,0.4886606922149658,0.8483,6.453942775726318,13.35379719734192
mnist,MNIST_ViT,512,SGD,3,0.3236471716410074,0.9020599626068376,0.1773247974395752,0.9472,6.4455108642578125,19.79930806159973
mnist,MNIST_ViT,512,SGD,4,0.199117641036327,0.9393863514957264,0.1251132410287857,0.9615,6.556385517120361,26.355693578720093
mnist,MNIST_ViT,512,SGD,5,0.148261085152626,0.9549278846153846,0.1537372782707214,0.9537,6.495218753814697,32.85091233253479
mnist,MNIST_ViT,512,SGD,6,0.1222897452803758,0.9624232104700856,0.1225888574600219,0.9625,6.517055988311768,39.36796832084656
mnist,MNIST_ViT,512,SGD,7,0.1084173167617912,0.9660122863247864,0.1023358652830123,0.9673,6.486146926879883,45.85411524772644
mnist,MNIST_ViT,512,SGD,8,0.0953254171479971,0.9706530448717948,0.092679257941246,0.9728,6.484083414077759,52.3381986618042
mnist,MNIST_ViT,512,SGD,9,0.0810235239820093,0.974342280982906,0.083364266872406,0.9757,6.4685378074646,58.8067364692688
mnist,MNIST_ViT,512,SGD,10,0.0797406326119716,0.9747763087606838,0.0844043057918548,0.9742,6.4685821533203125,65.27531862258911
mnist,MNIST_ViT,512,SGD,11,0.0683633627163039,0.9783820779914528,0.0792405878305435,0.9773,6.466985702514648,71.74230432510376
mnist,MNIST_ViT,512,SGD,12,0.0613504264217156,0.9808360042735044,0.07708475035429,0.9785,6.4650654792785645,78.20736980438232
mnist,MNIST_ViT,512,SGD,13,0.0562159963047657,0.9823050213675214,0.0798876980304718,0.9777,6.4477698802948,84.65513968467712
mnist,MNIST_ViT,512,SGD,14,0.052870533007205,0.9833567040598292,0.0768660520553588,0.9771,6.495541095733643,91.15068078041077
mnist,MNIST_ViT,512,SGD,15,0.048779585900215,0.9841412927350428,0.0698533353447914,0.9794,6.57018780708313,97.7208685874939
mnist,MNIST_ViT,512,Adam,1,0.8079188746264857,0.7159288194444444,0.2057907590389251,0.9393,6.459360361099243,6.459360361099243
mnist,MNIST_ViT,512,Adam,2,0.1811361249822836,0.9466980502136751,0.1218703512907028,0.9624,6.460116624832153,12.919476985931396
mnist,MNIST_ViT,512,Adam,3,0.1162526737420986,0.9647102029914528,0.0922545020103454,0.9721,6.441386461257935,19.36086344718933
mnist,MNIST_ViT,512,Adam,4,0.0893178587604282,0.9731403579059827,0.0798363728880882,0.9754,6.459743022918701,25.820606470108032
mnist,MNIST_ViT,512,Adam,5,0.0771941220403736,0.9766626602564102,0.0858912758111953,0.9748,6.437119483947754,32.257725954055786
mnist,MNIST_ViT,512,Adam,6,0.0666819578275466,0.9789162660256412,0.0651968444347381,0.9804,6.446769952774048,38.70449590682984
mnist,MNIST_ViT,512,Adam,7,0.0575058329213633,0.981887686965812,0.0672849234223365,0.9794,6.457381725311279,45.16187763214111
mnist,MNIST_ViT,512,Adam,8,0.0555538849220571,0.9826388888888888,0.0644935901761055,0.981,6.439275741577148,51.60115337371826
mnist,MNIST_ViT,512,Adam,9,0.0457175325315732,0.9854099893162394,0.0622187770485877,0.9812,6.471993446350098,58.07314682006836
mnist,MNIST_ViT,512,Adam,10,0.0396141296483448,0.9879640758547008,0.0735583661556243,0.9794,6.459256172180176,64.53240299224854
mnist,MNIST_ViT,512,Adam,11,0.0419434883639725,0.9861111111111112,0.0611721545219421,0.983,6.55347466468811,71.08587765693665
mnist,MNIST_ViT,512,Adam,12,0.0354770275358206,0.9887653579059827,0.0568938189983367,0.9834,6.456603527069092,77.54248118400574
mnist,MNIST_ViT,512,Adam,13,0.0345140241373043,0.9892160790598292,0.0567344803631305,0.9836,6.4251389503479,83.96762013435364
mnist,MNIST_ViT,512,Adam,14,0.0310154838614866,0.9895332532051282,0.0752601154804229,0.9799,6.442572355270386,90.41019248962402
mnist,MNIST_ViT,512,Adam,15,0.0328152939979719,0.98961672008547,0.0626098447799682,0.9848,6.479224681854248,96.88941717147829
mnist,MNIST_ViT,512,RMSprop,1,2.342819660137861,0.1029981303418803,2.2974295391082764,0.1741,6.504906892776489,6.504906892776489
mnist,MNIST_ViT,512,RMSprop,2,2.302898331585093,0.1171541132478632,2.111765441131592,0.1893,6.433029651641846,12.937936544418337
mnist,MNIST_ViT,512,RMSprop,3,2.3107658818236785,0.109775641025641,2.306486315155029,0.0982,6.457459449768066,19.3953959941864
mnist,MNIST_ViT,512,RMSprop,4,2.307975351301014,0.1030482104700854,2.3028773868560792,0.1135,6.407558441162109,25.80295443534851
mnist,MNIST_ViT,512,RMSprop,5,2.3067319800711084,0.1049178685897435,2.3018563873291016,0.1135,6.450556039810181,32.25351047515869
mnist,MNIST_ViT,512,RMSprop,6,2.304205358537853,0.1067708333333333,2.302867818832397,0.1135,6.481958389282227,38.73546886444092
mnist,MNIST_ViT,512,RMSprop,7,2.303738630734957,0.1069043803418803,2.302307884979248,0.101,6.570878744125366,45.30634760856629
mnist,MNIST_ViT,512,RMSprop,8,2.303129120769664,0.1073217147435897,2.302593520355225,0.1135,6.47398853302002,51.780336141586304
mnist,MNIST_ViT,512,RMSprop,9,2.302663554493179,0.1094751602564102,2.301738819503784,0.1028,6.473875999450684,58.25421214103699
mnist,MNIST_ViT,512,RMSprop,10,2.302543234621358,0.1100761217948717,2.3017885440826418,0.1135,6.490957260131836,64.74516940116882
mnist,MNIST_ViT,512,RMSprop,11,2.3022409891470885,0.1104600694444444,2.3013411693573,0.1135,6.466181516647339,71.21135091781616
mnist,MNIST_ViT,512,RMSprop,12,2.3021129278036265,0.1110443376068376,2.3018510566711425,0.1135,6.463558673858643,77.6749095916748
mnist,MNIST_ViT,512,RMSprop,13,2.3022287014203195,0.1109441773504273,2.301197200393677,0.1135,6.564129114151001,84.2390387058258
mnist,MNIST_ViT,512,RMSprop,14,2.301997129733746,0.1115284455128205,2.3014634063720703,0.1135,6.463358879089356,90.70239758491516
mnist,MNIST_ViT,512,RMSprop,15,2.301851170694726,0.1110109508547008,2.3017476802825927,0.1135,6.471442222595215,97.17383980751038
mnist,MNIST_ViT,512,Adasecant,1,2.187980838311024,0.1702557425213675,2.0155325372695923,0.2164,9.109464168548584,9.109464168548584
mnist,MNIST_ViT,512,Adasecant,2,1.9500903726642969,0.2473958333333333,1.7281260501861573,0.311,9.221061944961548,18.33052611351013
mnist,MNIST_ViT,512,Adasecant,3,1.67527545007885,0.3349358974358974,1.5258212759017944,0.3813,9.117091417312622,27.447617530822757
mnist,MNIST_ViT,512,Adasecant,4,1.534340879856012,0.382545405982906,1.404266137123108,0.4287,9.106893539428713,36.554511070251465
mnist,MNIST_ViT,512,Adasecant,5,1.3750693431267371,0.4405882745726496,1.2241195169448853,0.4905,9.09966516494751,45.654176235198975
mnist,MNIST_ViT,512,Adasecant,6,1.2213454368786931,0.4908687232905983,1.070823441505432,0.561,9.216996669769289,54.87117290496826
mnist,MNIST_ViT,512,Adasecant,7,1.0581030876208577,0.5674245459401709,0.8721465726852417,0.6472,9.12134599685669,63.99251890182495
mnist,MNIST_ViT,512,Adasecant,8,0.8480617353039929,0.6883179754273504,0.6198041899681092,0.7852,9.146936178207396,73.13945508003235
mnist,MNIST_ViT,512,Adasecant,9,0.6682080728376013,0.7827190170940171,0.4810797931671142,0.8518,9.253652095794678,82.39310717582703
mnist,MNIST_ViT,512,Adasecant,10,0.5407448003434727,0.8361712072649573,0.4017088057518005,0.8826,9.130975008010864,91.52408218383788
mnist,MNIST_ViT,512,Adasecant,11,0.4555037795987903,0.8649005074786325,0.3463475929260254,0.8952,9.11903429031372,100.6431164741516
mnist,MNIST_ViT,512,Adasecant,12,0.3939464069329775,0.8849659455128205,0.301585109424591,0.9131,9.12452483177185,109.76764130592346
mnist,MNIST_ViT,512,Adasecant,13,0.3467040441484533,0.8999565972222222,0.2668745621204376,0.9263,9.209618330001833,118.9772596359253
mnist,MNIST_ViT,512,Adasecant,14,0.3070676157362441,0.9111244658119658,0.2686916412353515,0.9249,9.1117205619812,128.0889801979065
mnist,MNIST_ViT,512,Adasecant,15,0.2763921432515495,0.919571314102564,0.2330670291900634,0.934,9.102461338043211,137.1914415359497
cifar10,CIFAR_ViT,8,SGD,1,1.9178540166282652,0.28578,1.7904838742256164,0.3426,42.482200622558594,42.482200622558594
cifar10,CIFAR_ViT,8,SGD,2,1.7151643619823456,0.36686,1.642045541381836,0.4169,42.671581745147705,85.1537823677063
cifar10,CIFAR_ViT,8,SGD,3,1.709293585586548,0.37208,1.7268930480480194,0.3881,42.109320640563965,127.26310300827026
cifar10,CIFAR_ViT,8,SGD,4,1.828341762170792,0.32138,1.8119259788036344,0.3329,42.22122716903687,169.48433017730713
cifar10,CIFAR_ViT,8,SGD,5,1.856223864479065,0.30946,1.9806847289085387,0.2633,42.40837359428406,211.8927037715912
cifar10,CIFAR_ViT,8,SGD,6,2.007601312122345,0.24824,2.0094610629081724,0.252,42.4133448600769,254.3060486316681
cifar10,CIFAR_ViT,8,SGD,7,2.0211896730804444,0.24936,2.06997883644104,0.2281,41.82376337051392,296.129812002182
cifar10,CIFAR_ViT,8,SGD,8,2.019219233474732,0.24308,1.993589302158356,0.2515,42.28065800666809,338.4104700088501
cifar10,CIFAR_ViT,8,SGD,9,1.9874178523254395,0.25744,1.9801702777862549,0.2638,42.35541605949402,380.7658860683441
cifar10,CIFAR_ViT,8,SGD,10,2.025879559173584,0.2424,1.9906409532547,0.2661,42.25757336616516,423.0234594345093
cifar10,CIFAR_ViT,8,SGD,11,,0.17354,,0.1,41.86811804771423,464.8915774822235
cifar10,CIFAR_ViT,8,SGD,12,,0.1,,0.1,42.17961287498474,507.07119035720825
cifar10,CIFAR_ViT,8,SGD,13,,0.1,,0.1,42.51298069953919,549.5841710567474
cifar10,CIFAR_ViT,8,SGD,14,,0.1,,0.1,41.88367247581482,591.4678435325623
cifar10,CIFAR_ViT,8,SGD,15,,0.1,,0.1,42.02730774879456,633.4951512813568
cifar10,CIFAR_ViT,8,SGD,16,,0.1,,0.1,42.45211577415466,675.9472670555115
cifar10,CIFAR_ViT,8,SGD,17,,0.1,,0.1,42.3305778503418,718.2778449058533
cifar10,CIFAR_ViT,8,SGD,18,,0.1,,0.1,41.78385353088379,760.0616984367371
cifar10,CIFAR_ViT,8,SGD,19,,0.1,,0.1,42.25819230079651,802.3198907375336
cifar10,CIFAR_ViT,8,SGD,20,,0.1,,0.1,41.75734329223633,844.0772340297699
cifar10,CIFAR_ViT,8,SGD,21,,0.1,,0.1,41.77971816062927,885.8569521903992
cifar10,CIFAR_ViT,8,SGD,22,,0.1,,0.1,42.015337228775024,927.8722894191742
cifar10,CIFAR_ViT,8,SGD,23,,0.1,,0.1,41.92901158332825,969.8013010025024
cifar10,CIFAR_ViT,8,SGD,24,,0.1,,0.1,41.673645973205566,1011.474946975708
cifar10,CIFAR_ViT,8,SGD,25,,0.1,,0.1,42.33806133270264,1053.8130083084106
cifar10,CIFAR_ViT,8,Adam,1,2.3215829356765747,0.10314,2.30429873008728,0.1,41.999815702438354,41.999815702438354
cifar10,CIFAR_ViT,8,Adam,2,2.305792805671692,0.0969,2.302890044403076,0.1,41.65878582000733,83.65860152244568
cifar10,CIFAR_ViT,8,Adam,3,2.304201727409363,0.1009,2.3031975910186766,0.1,42.34556913375855,126.00417065620422
cifar10,CIFAR_ViT,8,Adam,4,2.3040293103408813,0.10116,2.302984285545349,0.1,41.708660364151,167.71283102035522
cifar10,CIFAR_ViT,8,Adam,5,2.303901556053161,0.10052,2.3042904832839968,0.1,42.18501138687134,209.89784240722656
cifar10,CIFAR_ViT,8,Adam,6,2.303967918586731,0.09964,2.303786095046997,0.1,41.71505236625672,251.61289477348328
cifar10,CIFAR_ViT,8,Adam,7,2.303948875465393,0.09736,2.3031184171676635,0.1,41.64226174354553,293.2551565170288
cifar10,CIFAR_ViT,8,Adam,8,2.3037555910110474,0.09822,2.3034675230026247,0.1,42.07386064529419,335.329017162323
cifar10,CIFAR_ViT,8,Adam,9,2.3037240212631227,0.09738,2.3048912635803225,0.1,41.62986969947815,376.9588868618012
cifar10,CIFAR_ViT,8,Adam,10,2.3037858480834963,0.10018,2.3034654766082765,0.1,41.6666784286499,418.6255652904511
cifar10,CIFAR_ViT,8,Adam,11,2.3036618381500245,0.09946,2.3032824934005736,0.1,41.958728075027466,460.5842933654785
cifar10,CIFAR_ViT,8,Adam,12,2.30358641544342,0.1011,2.303379494667053,0.1,41.94426679611206,502.5285601615906
cifar10,CIFAR_ViT,8,Adam,13,2.3037215656661987,0.09872,2.3033007593154906,0.1,41.73261618614197,544.2611763477325
cifar10,CIFAR_ViT,8,Adam,14,2.303535516319275,0.09952,2.30433266582489,0.1,41.668657302856445,585.929833650589
cifar10,CIFAR_ViT,8,Adam,15,2.3036115257644654,0.09998,2.303014700317383,0.1,42.08660387992859,628.0164375305176
cifar10,CIFAR_ViT,8,Adam,16,2.303731875610352,0.09808,2.3039358144760134,0.1,41.44905495643616,669.4654924869537
cifar10,CIFAR_ViT,8,Adam,17,2.303433281860352,0.09996,2.302928269958496,0.1,41.448336362838745,710.9138288497925
cifar10,CIFAR_ViT,8,Adam,18,2.30356371925354,0.1017,2.304202229690552,0.1,41.72899174690247,752.642820596695
cifar10,CIFAR_ViT,8,Adam,19,2.30351270401001,0.10046,2.303057438850403,0.1,41.76787781715393,794.4106984138489
cifar10,CIFAR_ViT,8,Adam,20,2.3036201599121093,0.09982,2.302698480796814,0.1,42.03637075424194,836.4470691680908
cifar10,CIFAR_ViT,8,Adam,21,2.30357308177948,0.09948,2.302721246910095,0.1,41.99216032028198,878.4392294883728
cifar10,CIFAR_ViT,8,Adam,22,2.3037342360687254,0.09902,2.302872582626343,0.1,41.98835253715515,920.427582025528
cifar10,CIFAR_ViT,8,Adam,23,2.303652375869751,0.0974,2.302745161437988,0.1,42.11461591720581,962.5421979427338
cifar10,CIFAR_ViT,8,Adam,24,2.3033824115371706,0.10292,2.3052500093460084,0.1,41.81567358970642,1004.3578715324402
cifar10,CIFAR_ViT,8,Adam,25,2.30349604598999,0.1015,2.302736064529419,0.1,41.83336091041565,1046.1912324428558
cifar10,CIFAR_ViT,8,RMSprop,1,2.3195372910690306,0.10022,2.30335178565979,0.1,42.82711100578308,42.82711100578308
cifar10,CIFAR_ViT,8,RMSprop,2,2.305124073143005,0.09954,2.3055342250823974,0.1,42.90196824073792,85.729079246521
cifar10,CIFAR_ViT,8,RMSprop,3,2.3045244375228884,0.10124,2.3036841970443724,0.1,42.79231929779053,128.52139854431152
cifar10,CIFAR_ViT,8,RMSprop,4,2.304395863685608,0.09904,2.3033769483566284,0.1,43.157880783081055,171.67927932739258
cifar10,CIFAR_ViT,8,RMSprop,5,2.304089140472412,0.10078,2.3039325494766234,0.1,42.64032983779907,214.31960916519165
cifar10,CIFAR_ViT,8,RMSprop,6,2.3042931785202025,0.09952,2.3039264989852906,0.1,42.98969483375549,257.30930399894714
cifar10,CIFAR_ViT,8,RMSprop,7,2.3039534972763063,0.10038,2.303324826812744,0.1,42.78830075263977,300.0976047515869
cifar10,CIFAR_ViT,8,RMSprop,8,2.304084260368348,0.09768,2.3030620719909667,0.1,43.45061159133911,343.548216342926
cifar10,CIFAR_ViT,8,RMSprop,9,2.3039238888931277,0.09856,2.3068326057434083,0.1,42.92545318603516,386.4736695289612
cifar10,CIFAR_ViT,8,RMSprop,10,2.3040060451507567,0.09822,2.303664081954956,0.1,42.54738259315491,429.0210521221161
cifar10,CIFAR_ViT,8,RMSprop,11,2.3039430102920533,0.10032,2.305006407165527,0.1,42.83472776412964,471.8557798862457
cifar10,CIFAR_ViT,8,RMSprop,12,2.303889947166443,0.1,2.3049160594940186,0.1,43.35165500640869,515.2074348926544
cifar10,CIFAR_ViT,8,RMSprop,13,2.303933387641907,0.09896,2.303427157783508,0.1,42.87493753433228,558.0823724269867
cifar10,CIFAR_ViT,8,RMSprop,14,2.3038998668670656,0.0991,2.30294810333252,0.1,42.81128454208374,600.8936569690704
cifar10,CIFAR_ViT,8,RMSprop,15,2.303876519165039,0.09588,2.3036553941726683,0.1,42.87859630584717,643.7722532749176
cifar10,CIFAR_ViT,8,RMSprop,16,2.303838595085144,0.10156,2.303655714225769,0.1,43.02643370628357,686.7986869812012
cifar10,CIFAR_ViT,8,RMSprop,17,2.303752898979187,0.10074,2.3037230319976807,0.1,43.228073596954346,730.0267605781555
cifar10,CIFAR_ViT,8,RMSprop,18,2.3038054970932005,0.09992,2.303397134399414,0.1,42.61690831184387,772.6436688899994
cifar10,CIFAR_ViT,8,RMSprop,19,2.3037374407958984,0.0991,2.303186740875244,0.1,42.95254898071289,815.5962178707123
cifar10,CIFAR_ViT,8,RMSprop,20,2.303783108100891,0.10016,2.3038390636444093,0.1,43.132214069366455,858.7284319400787
cifar10,CIFAR_ViT,8,RMSprop,21,2.3037609982681277,0.10058,2.303460706138611,0.1,42.81018543243408,901.5386173725128
cifar10,CIFAR_ViT,8,RMSprop,22,2.303767581939697,0.0995,2.3040814638137816,0.1,42.46404719352722,944.00266456604
cifar10,CIFAR_ViT,8,RMSprop,23,2.303666895904541,0.09976,2.3037632781982422,0.1,42.84413743019104,986.8468019962312
cifar10,CIFAR_ViT,8,RMSprop,24,2.3039230369186403,0.09666,2.302863142585754,0.1,42.95396709442139,1029.8007690906525
cifar10,CIFAR_ViT,8,RMSprop,25,2.303790926322937,0.1001,2.303053950881958,0.1,42.90717697143555,1072.707946062088
cifar10,CIFAR_ViT,8,Adasecant,1,1.8558698281478885,0.29796,1.6653442254066468,0.3911,203.9118752479553,203.9118752479553
cifar10,CIFAR_ViT,8,Adasecant,2,1.662199806880951,0.38524,1.5378405435085296,0.4426,203.8487627506256,407.7606379985809
cifar10,CIFAR_ViT,8,Adasecant,3,1.6165906987476348,0.4068,1.5234295289516449,0.4527,203.77858662605288,611.5392246246338
cifar10,CIFAR_ViT,8,Adasecant,4,1.5942075773239135,0.4183,1.583952398777008,0.4383,203.784410238266,815.3236348628998
cifar10,CIFAR_ViT,8,Adasecant,5,1.5822632535266876,0.42358,1.4825704230546952,0.4646,203.80672574043277,1019.1303606033324
cifar10,CIFAR_ViT,8,Adasecant,6,1.5888774405193329,0.42064,1.5137610726356507,0.4592,203.9453291893005,1223.075689792633
cifar10,CIFAR_ViT,8,Adasecant,7,1.583073862953186,0.42408,1.5053274933815002,0.4552,203.9117624759674,1426.9874522686005
cifar10,CIFAR_ViT,8,Adasecant,8,1.5940117870426178,0.41782,1.518557282924652,0.4498,203.9460062980652,1630.9334585666656
cifar10,CIFAR_ViT,8,Adasecant,9,1.596536203494072,0.41902,1.5357571039676667,0.4513,203.9209980964661,1834.854456663132
cifar10,CIFAR_ViT,8,Adasecant,10,1.586268684206009,0.42028,1.5618404562950134,0.4518,204.07025027275083,2038.9247069358823
cifar10,CIFAR_ViT,8,Adasecant,11,1.6033379610824583,0.41518,1.5384509746551511,0.4464,203.8987259864807,2242.8234329223637
cifar10,CIFAR_ViT,8,Adasecant,12,1.6024730216503142,0.41532,1.5823461526870728,0.4473,203.9434838294983,2446.7669167518616
cifar10,CIFAR_ViT,8,Adasecant,13,1.6003244050788878,0.41976,1.5351181148052215,0.4558,203.78985452651975,2650.5567712783813
cifar10,CIFAR_ViT,8,Adasecant,14,1.59921673871994,0.42134,1.522371222758293,0.4554,203.9001936912537,2854.456964969635
cifar10,CIFAR_ViT,8,Adasecant,15,1.6076452301502229,0.4185,1.5635031546592713,0.447,203.7184796333313,3058.1754446029663
cifar10,CIFAR_ViT,8,Adasecant,16,1.6084221162986756,0.41464,1.5851033888339996,0.4513,203.7457332611084,3261.9211778640747
cifar10,CIFAR_ViT,8,Adasecant,17,1.600413940706253,0.41536,1.560292365384102,0.4438,203.9237027168274,3465.844880580902
cifar10,CIFAR_ViT,8,Adasecant,18,1.6130229123687745,0.4143,1.6045775300264358,0.4452,204.05422353744507,3669.899104118347
cifar10,CIFAR_ViT,8,Adasecant,19,1.6068472431755063,0.41824,1.4952979169368743,0.47,203.89970898628235,3873.7988131046295
cifar10,CIFAR_ViT,8,Adasecant,20,1.6067965970230105,0.41682,1.5726589121818542,0.4402,203.7708022594452,4077.5696153640743
cifar10,CIFAR_ViT,8,Adasecant,21,1.606023291864395,0.41664,1.5619031787395476,0.4563,203.8177227973938,4281.3873381614685
cifar10,CIFAR_ViT,8,Adasecant,22,1.6160524293708802,0.41208,1.5755491700172424,0.4495,203.95095443725583,4485.338292598724
cifar10,CIFAR_ViT,8,Adasecant,23,1.6055356511211396,0.4176,1.5670285287857055,0.4511,203.8529829978943,4689.191275596619
cifar10,CIFAR_ViT,8,Adasecant,24,1.6462945960140227,0.40286,1.582196353149414,0.4523,203.86074566841123,4893.05202126503
cifar10,CIFAR_ViT,8,Adasecant,25,1.6440332755708695,0.4031,1.6700047302007677,0.4374,203.95156359672544,5097.003584861755
cifar10,CIFAR_ViT,32,SGD,1,1.8708021491956768,0.310699423815621,1.604295389175415,0.4135,25.673784971237183,25.673784971237183
cifar10,CIFAR_ViT,32,SGD,2,1.5156606241927104,0.4448423495518566,1.3689551782608032,0.515,25.537921905517575,51.21170687675476
cifar10,CIFAR_ViT,32,SGD,3,1.3774779018076675,0.5005601792573624,1.2496387981414796,0.5507,25.552708625793457,76.76441550254822
cifar10,CIFAR_ViT,32,SGD,4,1.30255000753073,0.5274487836107554,1.213089992904663,0.5577,25.52400851249695,102.28842401504517
cifar10,CIFAR_ViT,32,SGD,5,1.2339832721309076,0.5532970550576184,1.151386958503723,0.5739,25.547319650650024,127.8357436656952
cifar10,CIFAR_ViT,32,SGD,6,1.188235064398464,0.5727632842509603,1.095525231552124,0.607,25.63625693321228,153.47200059890747
cifar10,CIFAR_ViT,32,SGD,7,1.1396845995845624,0.5896686939820742,1.052881665992737,0.6153,25.603201866149902,179.07520246505737
cifar10,CIFAR_ViT,32,SGD,8,1.0967169733725193,0.6054537451984635,1.023103524017334,0.6322,25.601045846939087,204.6762483119965
cifar10,CIFAR_ViT,32,SGD,9,1.0514768947788755,0.6215989116517285,0.9883378452301024,0.6446,25.552335023880005,230.2285833358765
cifar10,CIFAR_ViT,32,SGD,10,1.0192702832356306,0.6361835787451985,0.9693731775283814,0.6545,25.54914283752441,255.77772617340088
cifar10,CIFAR_ViT,32,SGD,11,0.9837516196520472,0.6485275288092189,0.946070573425293,0.6593,25.59264659881592,281.3703727722168
cifar10,CIFAR_ViT,32,SGD,12,0.9488145251127578,0.6610915492957746,0.9397919485092164,0.6717,25.57637858390808,306.9467513561249
cifar10,CIFAR_ViT,32,SGD,13,0.9188801284292748,0.6723551536491678,0.8801008113861084,0.6879,25.542166233062744,332.4889175891876
cifar10,CIFAR_ViT,32,SGD,14,0.8897663962749451,0.6827184699103713,0.875241003036499,0.6909,25.559539079666138,358.04845666885376
cifar10,CIFAR_ViT,32,SGD,15,0.866323196838363,0.6898407490396927,0.82736637840271,0.711,25.558820724487305,383.60727739334106
cifar10,CIFAR_ViT,32,SGD,16,0.8433293634012017,0.7007042253521126,0.8075658381462097,0.7115,25.6058406829834,409.21311807632446
cifar10,CIFAR_ViT,32,SGD,17,0.8147032429939959,0.7086267605633803,0.8145138275146484,0.7088,25.570157527923584,434.7832756042481
cifar10,CIFAR_ViT,32,SGD,18,0.7929692906393132,0.71636923815621,0.7656887790679932,0.7286,25.63416051864624,460.4174361228943
cifar10,CIFAR_ViT,32,SGD,19,0.7721378493400604,0.7252920934699104,0.7742242834091186,0.7316,25.638554096221924,486.0559902191162
cifar10,CIFAR_ViT,32,SGD,20,0.758759158063637,0.7311539692701664,0.7153447025299072,0.7508,25.57086753845215,511.6268577575684
cifar10,CIFAR_ViT,32,SGD,21,0.7384850522849075,0.7383762804097311,0.6998862600326539,0.7524,25.587392568588257,537.2142503261566
cifar10,CIFAR_ViT,32,SGD,22,0.7236135151051223,0.7435579385403329,0.695841995048523,0.7549,25.59112048149109,562.8053708076477
cifar10,CIFAR_ViT,32,SGD,23,0.7036122745344184,0.7501000320102432,0.7141212899208069,0.7558,25.57139992713928,588.376770734787
cifar10,CIFAR_ViT,32,SGD,24,0.6916606877662156,0.7551016325224071,0.6820135077476501,0.7601,25.567495584487915,613.9442663192749
cifar10,CIFAR_ViT,32,SGD,25,0.6708181145554468,0.7632842509603073,0.6734457240581513,0.7665,25.656648635864254,639.6009149551392
cifar10,CIFAR_ViT,32,Adam,1,2.31695337942712,0.1052736875800256,2.3121734420776368,0.1,25.892557382583615,25.892557382583615
cifar10,CIFAR_ViT,32,Adam,2,2.306864324360895,0.100832266325224,2.3043883529663085,0.1,25.87273979187012,51.765297174453735
cifar10,CIFAR_ViT,32,Adam,3,2.3049514666104285,0.0968309859154929,2.303679341125488,0.1,25.846535682678223,77.61183285713196
cifar10,CIFAR_ViT,32,Adam,4,2.30429786832934,0.0993317861715749,2.302915344238281,0.1,25.88399386405945,103.4958267211914
cifar10,CIFAR_ViT,32,Adam,5,2.303942073017321,0.0988716389244558,2.3029081386566164,0.1,25.8467013835907,129.3425281047821
cifar10,CIFAR_ViT,32,Adam,6,2.303811732388642,0.0994318181818181,2.3028814781188967,0.1,25.98043274879456,155.32296085357666
cifar10,CIFAR_ViT,32,Adam,7,2.303582205357228,0.0997119078104993,2.303113230133057,0.1,25.89300775527954,181.2159686088562
cifar10,CIFAR_ViT,32,Adam,8,2.303488489912964,0.097231113956466,2.3027762889862062,0.1,25.85485053062439,207.0708191394806
cifar10,CIFAR_ViT,32,Adam,9,2.3032740878081963,0.100312099871959,2.3030794017791747,0.1,25.90290856361389,232.97372770309448
cifar10,CIFAR_ViT,32,Adam,10,2.3034496252423824,0.0975312099871959,2.30266552734375,0.1,25.91529965400696,258.88902735710144
cifar10,CIFAR_ViT,32,Adam,11,2.303183505996089,0.099151728553137,2.302727707672119,0.1,25.908423900604248,284.7974512577057
cifar10,CIFAR_ViT,32,Adam,12,2.3031767788372943,0.0975512163892445,2.3028257530212404,0.1,25.827000379562374,310.62445163726807
cifar10,CIFAR_ViT,32,Adam,13,2.303061803996029,0.1001120358514724,2.3051865455627443,0.1,25.95288324356079,336.57733488082886
cifar10,CIFAR_ViT,32,Adam,14,2.303138346281308,0.1000720230473751,2.302670890045166,0.1,25.83981990814209,362.41715478897095
cifar10,CIFAR_ViT,32,Adam,15,2.303061849634412,0.0976712548015364,2.3027061382293703,0.1,25.834311723709103,388.25146651268005
cifar10,CIFAR_ViT,32,Adam,16,2.303124828314201,0.0994918373879641,2.302815321350097,0.1,25.8624267578125,414.11389327049255
cifar10,CIFAR_ViT,32,Adam,17,2.3029830516834724,0.100312099871959,2.303061801147461,0.1,25.832741498947144,439.9466347694397
cifar10,CIFAR_ViT,32,Adam,18,2.3030607320282432,0.099031690140845,2.303679995727539,0.1,25.895369291305546,465.8420040607453
cifar10,CIFAR_ViT,32,Adam,19,2.302955954999838,0.097871318822023,2.3029500984191893,0.1,25.97802829742432,491.8200323581696
cifar10,CIFAR_ViT,32,Adam,20,2.3030520231867264,0.1006922215108834,2.3029058029174805,0.1,25.882400035858154,517.7024323940277
cifar10,CIFAR_ViT,32,Adam,21,2.303038329076828,0.0982314340588988,2.3027272602081297,0.1,25.86940026283264,543.5718326568604
cifar10,CIFAR_ViT,32,Adam,22,2.30300394246276,0.1000720230473751,2.302783203125,0.1,25.814656496047974,569.3864891529083
cifar10,CIFAR_ViT,32,Adam,23,2.3030756513532085,0.0988716389244558,2.3027862064361573,0.1,25.81605887413025,595.2025480270386
cifar10,CIFAR_ViT,32,Adam,24,2.303170178061716,0.0992117477592829,2.3028744750976564,0.1,25.8283634185791,621.0309114456177
cifar10,CIFAR_ViT,32,Adam,25,2.3030458745211555,0.097351152368758,2.3030940559387205,0.1,25.89345979690552,646.9243712425232
cifar10,CIFAR_ViT,32,RMSprop,1,2.3306551205516626,0.1005721830985915,2.306822590255737,0.1,25.79809331893921,25.79809331893921
cifar10,CIFAR_ViT,32,RMSprop,2,2.3061371038878926,0.1007122279129321,2.303500971984864,0.1,25.68936538696289,51.4874587059021
cifar10,CIFAR_ViT,32,RMSprop,3,2.304707450537004,0.1012524007682458,2.303211279296875,0.1,25.70199179649353,77.18945050239563
cifar10,CIFAR_ViT,32,RMSprop,4,2.303937830174015,0.0993317861715749,2.302976647949219,0.1,25.715798139572144,102.90524864196776
cifar10,CIFAR_ViT,32,RMSprop,5,2.303825782752678,0.1007522407170294,2.303482313156128,0.1,25.67077660560608,128.57602524757385
cifar10,CIFAR_ViT,32,RMSprop,6,2.303270739721428,0.102172695262484,2.302996732711792,0.1,25.646238565444943,154.2222638130188
cifar10,CIFAR_ViT,32,RMSprop,7,2.303592174672897,0.0998919654289372,2.303081596374512,0.1,25.73225998878479,179.9545238018036
cifar10,CIFAR_ViT,32,RMSprop,8,2.303254661425738,0.1003921254801536,2.3031407974243163,0.1,25.72721648216248,205.6817402839661
cifar10,CIFAR_ViT,32,RMSprop,9,2.303334009174196,0.1024327784891165,2.303338072967529,0.1,25.637598276138306,231.3193385601044
cifar10,CIFAR_ViT,32,RMSprop,10,2.3033328857678304,0.1000920294494238,2.3027685760498047,0.1,25.66347336769104,256.9828119277954
cifar10,CIFAR_ViT,32,RMSprop,11,2.303339275294168,0.0991317221510883,2.3027291633605955,0.1,25.65459990501404,282.63741183280945
cifar10,CIFAR_ViT,32,RMSprop,12,2.303094444751129,0.0988716389244558,2.3026967014312745,0.1,25.69356155395508,308.3309733867645
cifar10,CIFAR_ViT,32,RMSprop,13,2.303099769025698,0.0989316581306018,2.3033167793273925,0.1,25.715113639831543,334.04608702659607
cifar10,CIFAR_ViT,32,RMSprop,14,2.303143333228694,0.0995918693982074,2.3029305435180665,0.1,25.660821676254272,359.70690870285034
cifar10,CIFAR_ViT,32,RMSprop,15,2.303141841204615,0.1006121959026888,2.3035082752227782,0.1,25.63309121131897,385.3399999141693
cifar10,CIFAR_ViT,32,RMSprop,16,2.303166438309087,0.1017125480153649,2.302764363861084,0.1,25.71876573562622,411.05876564979553
cifar10,CIFAR_ViT,32,RMSprop,17,2.3030870641544747,0.0993117797695262,2.3027272537231447,0.1,25.68707609176636,436.7458417415619
cifar10,CIFAR_ViT,32,RMSprop,18,2.303172730147915,0.0997919334186939,2.302696448516845,0.1,25.692026138305664,462.4378678798676
cifar10,CIFAR_ViT,32,RMSprop,19,2.303109450926396,0.0992317541613316,2.3028549690246582,0.1,25.73698925971985,488.1748571395874
cifar10,CIFAR_ViT,32,RMSprop,20,2.3031014384136617,0.0994518245838668,2.3027161796569824,0.1,25.702932596206665,513.8777897357941
cifar10,CIFAR_ViT,32,RMSprop,21,2.3031535035669424,0.0977512804097311,2.302908183288574,0.1,25.613921642303467,539.4917113780975
cifar10,CIFAR_ViT,32,RMSprop,22,2.3031087518501527,0.0990116837387964,2.302920381164551,0.1,25.63783597946167,565.1295473575592
cifar10,CIFAR_ViT,32,RMSprop,23,2.303109937684942,0.0983914852752881,2.302721904754639,0.1,25.662907361984253,590.7924547195435
cifar10,CIFAR_ViT,32,RMSprop,24,2.303042376545114,0.1007922535211267,2.3026375743865968,0.1,25.687015533447266,616.4794702529907
cifar10,CIFAR_ViT,32,RMSprop,25,2.3031438935581456,0.0986315620998719,2.302890525054932,0.1,25.64484667778015,642.1243169307709
cifar10,CIFAR_ViT,32,Adasecant,1,2.109148218445528,0.1972031049935979,2.032719884109497,0.2353,64.40052890777588,64.40052890777588
cifar10,CIFAR_ViT,32,Adasecant,2,2.047016500434558,0.2154289372599231,2.041572410774231,0.2274,64.58345556259155,128.98398447036743
cifar10,CIFAR_ViT,32,Adasecant,3,1.9799717195360669,0.2365356914212548,1.8905172718048096,0.2772,64.37941765785217,193.3634021282196
cifar10,CIFAR_ViT,32,Adasecant,4,1.9118876122176724,0.2538012163892446,1.911171040725708,0.2898,64.33888959884644,257.70229172706604
cifar10,CIFAR_ViT,32,Adasecant,5,1.886518490528175,0.2709467029449424,1.836771369552612,0.2899,64.39941501617432,322.1017067432404
cifar10,CIFAR_ViT,32,Adasecant,6,1.868237503893702,0.2791293213828425,1.8289483333587648,0.298,64.37149333953857,386.4732000827789
cifar10,CIFAR_ViT,32,Adasecant,7,1.8563656785576657,0.2858114596670935,1.8234297744750976,0.3076,64.34449887275696,450.8176989555359
cifar10,CIFAR_ViT,32,Adasecant,8,1.8288994855062604,0.299775928297055,1.7608296142578126,0.3305,64.34859585762024,515.1662948131561
cifar10,CIFAR_ViT,32,Adasecant,9,1.8270174029847264,0.2952344750320102,1.7971633955001831,0.3049,64.39572310447693,579.562017917633
cifar10,CIFAR_ViT,32,Adasecant,10,1.807964134078936,0.3071782970550576,1.7892414108276369,0.3171,64.40601086616516,643.9680287837982
cifar10,CIFAR_ViT,32,Adasecant,11,1.8196710620585843,0.3048175416133162,1.7623234661102294,0.324,64.47816157341003,708.4461903572083
cifar10,CIFAR_ViT,32,Adasecant,12,1.81176359865638,0.3045774647887324,1.7688716800689697,0.3384,64.38234901428223,772.8285393714905
cifar10,CIFAR_ViT,32,Adasecant,13,1.8260937658986425,0.3002960947503201,1.7902494876861572,0.319,64.36543989181519,837.1939792633057
cifar10,CIFAR_ViT,32,Adasecant,14,1.8251777497357504,0.3019966389244558,1.814195496368408,0.3144,64.53615045547485,901.7301297187804
cifar10,CIFAR_ViT,32,Adasecant,15,1.8118530105079185,0.3042173495518566,1.773377741241455,0.3312,64.62338733673096,966.3535170555116
cifar10,CIFAR_ViT,32,Adasecant,16,1.8176864165044777,0.305297695262484,1.7520231859207154,0.3326,64.48510193824768,1030.8386189937592
cifar10,CIFAR_ViT,32,Adasecant,17,1.8093002458388003,0.3053377080665813,1.7670499181747437,0.3243,64.45809054374695,1095.296709537506
cifar10,CIFAR_ViT,32,Adasecant,18,1.8187313408002963,0.304657490396927,1.7942721393585206,0.3266,64.3845853805542,1159.6812949180603
cifar10,CIFAR_ViT,32,Adasecant,19,1.830724586368981,0.3031770166453265,1.826963618850708,0.3182,64.4425117969513,1224.1238067150116
cifar10,CIFAR_ViT,32,Adasecant,20,1.8343739656113784,0.3038772407170294,1.8274542873382569,0.3131,64.4957845211029,1288.6195912361145
cifar10,CIFAR_ViT,32,Adasecant,21,1.843456206416351,0.2914732714468629,1.8086849946975707,0.3124,64.42987513542175,1353.0494663715365
cifar10,CIFAR_ViT,32,Adasecant,22,1.8437094759391608,0.2942341549295774,1.8102761701583865,0.3122,64.47917246818542,1417.5286388397217
cifar10,CIFAR_ViT,32,Adasecant,23,1.8512635523317411,0.2906330025608195,1.852231768798828,0.3031,64.43896985054016,1481.9676086902618
cifar10,CIFAR_ViT,32,Adasecant,24,1.8546640437177448,0.2883522727272727,1.7882703271865843,0.3258,64.49525809288025,1546.462866783142
cifar10,CIFAR_ViT,32,Adasecant,25,1.8371255480220468,0.2967549615877081,1.7972618177413942,0.3184,64.57384419441223,1611.0367109775543
cifar10,CIFAR_ViT,128,SGD,1,2.746639252320314,0.1034254807692307,2.329044856262207,0.1,22.74546766281128,22.74546766281128
cifar10,CIFAR_ViT,128,SGD,2,2.3201136399538087,0.0984775641025641,2.306163294219971,0.1,22.57046365737915,45.31593132019043
cifar10,CIFAR_ViT,128,SGD,3,2.313626432418823,0.0972355769230769,2.309952965545654,0.1,22.58517813682556,67.90110945701599
cifar10,CIFAR_ViT,128,SGD,4,2.311184856219169,0.0989783653846153,2.312356781387329,0.1,22.58730697631836,90.48841643333436
cifar10,CIFAR_ViT,128,SGD,5,2.310277211971772,0.1007011217948718,2.3100146068573,0.1,22.562227487564087,113.05064392089844
cifar10,CIFAR_ViT,128,SGD,6,2.3079323450724285,0.0997996794871795,2.3086620391845702,0.1,22.569807291030884,135.62045121192932
cifar10,CIFAR_ViT,128,SGD,7,2.307464941342672,0.0999799679487179,2.3063425125122072,0.1,22.58781480789185,158.20826601982117
cifar10,CIFAR_ViT,128,SGD,8,2.306882012807406,0.0990785256410256,2.304090063476562,0.1,22.59705066680908,180.80531668663025
cifar10,CIFAR_ViT,128,SGD,9,2.306575792263716,0.0978165064102564,2.306152577972412,0.1,22.56989026069641,203.37520694732663
cifar10,CIFAR_ViT,128,SGD,10,2.306155693225372,0.0986778846153846,2.3049456413269045,0.1,22.56208562850952,225.93729257583615
cifar10,CIFAR_ViT,128,SGD,11,2.3057599825736803,0.0995793269230769,2.304472020721436,0.1,22.586451053619385,248.5237436294556
cifar10,CIFAR_ViT,128,SGD,12,2.305398272245358,0.1006410256410256,2.303690948104858,0.1,22.57602596282959,271.0997695922852
cifar10,CIFAR_ViT,128,SGD,13,2.305489449011974,0.0992788461538461,2.304638609313965,0.1,22.629664182662964,293.7294337749481
cifar10,CIFAR_ViT,128,SGD,14,2.3053807203586283,0.1004607371794871,2.303769571685791,0.1,22.6001193523407,316.3295531272888
cifar10,CIFAR_ViT,128,SGD,15,2.305285137738937,0.0985777243589743,2.305140642166138,0.1,22.55394673347473,338.88349986076355
cifar10,CIFAR_ViT,128,SGD,16,2.305302078907306,0.1011017628205128,2.304554925537109,0.1,22.56505489349365,361.4485547542572
cifar10,CIFAR_ViT,128,SGD,17,2.305101065146617,0.0988782051282051,2.307363429260254,0.1,22.570529222488403,384.0190839767456
cifar10,CIFAR_ViT,128,SGD,18,2.3050732484230627,0.0993589743589743,2.3058173011779783,0.1,22.587591409683228,406.6066753864288
cifar10,CIFAR_ViT,128,SGD,19,2.3047196400471224,0.1015424679487179,2.3046705993652346,0.1,22.56812834739685,429.1748037338257
cifar10,CIFAR_ViT,128,SGD,20,2.304869189629188,0.1015224358974359,2.305248274230957,0.1,22.5965416431427,451.7713453769684
cifar10,CIFAR_ViT,128,SGD,21,2.3047739004477474,0.1014623397435897,2.304348738861084,0.1,22.626728773117065,474.3980741500855
cifar10,CIFAR_ViT,128,SGD,22,2.3049177854489056,0.099639423076923,2.3033764949798585,0.1,22.581658363342285,496.9797325134277
cifar10,CIFAR_ViT,128,SGD,23,2.3046407705698257,0.1032652243589743,2.304491999053955,0.1,22.52619290351868,519.5059254169464
cifar10,CIFAR_ViT,128,SGD,24,2.3046253497783957,0.1007211538461538,2.3040822368621825,0.1,22.5574643611908,542.0633897781372
cifar10,CIFAR_ViT,128,SGD,25,2.304566169396425,0.1009615384615384,2.304559856414795,0.1,22.559738874435425,564.6231286525726
cifar10,CIFAR_ViT,128,Adam,1,2.029664826087463,0.2191706730769231,1.8569619003295896,0.2888,22.59770631790161,22.59770631790161
cifar10,CIFAR_ViT,128,Adam,2,1.817411370460804,0.2967748397435897,1.685811478614807,0.3505,22.604156732559204,45.201863050460815
cifar10,CIFAR_ViT,128,Adam,3,1.703678303804153,0.358994391025641,1.599872013092041,0.4104,22.57352495193481,67.77538800239563
cifar10,CIFAR_ViT,128,Adam,4,1.6349778988422492,0.3909054487179487,1.56665125579834,0.4281,22.574008226394653,90.34939622879028
cifar10,CIFAR_ViT,128,Adam,5,1.59023401981745,0.412900641025641,1.52385676612854,0.4445,22.550987482070923,112.9003837108612
cifar10,CIFAR_ViT,128,Adam,6,1.56655709254436,0.42265625,1.4608206172943117,0.4748,22.57259559631348,135.47297930717468
cifar10,CIFAR_ViT,128,Adam,7,1.5422736198474198,0.4366185897435897,1.5282048831939696,0.4527,22.57418966293335,158.04716897010803
cifar10,CIFAR_ViT,128,Adam,8,1.5215106857128633,0.4397035256410256,1.442172057723999,0.4802,22.558807373046875,180.6059763431549
cifar10,CIFAR_ViT,128,Adam,9,1.5073728640874229,0.4491586538461538,1.4882064296722413,0.4709,22.538163661956787,203.1441400051117
cifar10,CIFAR_ViT,128,Adam,10,1.510528746018043,0.4482572115384615,1.4224856521606446,0.4836,22.58194732666016,225.72608733177185
cifar10,CIFAR_ViT,128,Adam,11,1.4881648778915406,0.4561298076923077,1.4842143783569337,0.4718,22.57169890403748,248.29778623580933
cifar10,CIFAR_ViT,128,Adam,12,1.467726585192558,0.4632011217948718,1.3766973178863526,0.4937,22.540218353271484,270.8380045890808
cifar10,CIFAR_ViT,128,Adam,13,1.451182760642125,0.4720152243589743,1.4013280059814452,0.4946,22.574862003326416,293.4128665924072
cifar10,CIFAR_ViT,128,Adam,14,1.4468051925683634,0.4746594551282051,1.3408728021621703,0.5109,22.54059910774231,315.95346570014954
cifar10,CIFAR_ViT,128,Adam,15,1.42370278101701,0.481650641025641,1.3755092723846436,0.5009,22.54200005531311,338.49546575546265
cifar10,CIFAR_ViT,128,Adam,16,1.4281695451491918,0.4811698717948718,1.3357052196502686,0.5184,22.53821969032288,361.0336854457855
cifar10,CIFAR_ViT,128,Adam,17,1.415360519519219,0.4857772435897436,1.3752690406799315,0.5127,22.615630388259888,383.6493158340454
cifar10,CIFAR_ViT,128,Adam,18,1.4059046861452935,0.4856169871794872,1.3253039138793945,0.5243,22.52620029449463,406.17551612854
cifar10,CIFAR_ViT,128,Adam,19,1.391653185013013,0.4932291666666666,1.3243142557144163,0.5219,22.52439284324646,428.6999089717865
cifar10,CIFAR_ViT,128,Adam,20,1.37131366393505,0.5025040064102564,1.296402853012085,0.5335,22.558834314346317,451.2587432861328
cifar10,CIFAR_ViT,128,Adam,21,1.3517379690439273,0.5102564102564102,1.2681567176818849,0.5486,22.5469274520874,473.8056707382202
cifar10,CIFAR_ViT,128,Adam,22,1.3524547005311036,0.5108774038461539,1.2937064796447757,0.528,22.55693936347961,496.36261010169983
cifar10,CIFAR_ViT,128,Adam,23,1.342427998322707,0.5135416666666667,1.2604887062072754,0.5419,22.544493913650516,518.9071040153503
cifar10,CIFAR_ViT,128,Adam,24,1.3240841758556856,0.5214543269230769,1.2557810348510745,0.5422,22.612976789474487,541.5200808048248
cifar10,CIFAR_ViT,128,Adam,25,1.3314692323024455,0.5173477564102564,1.2717028858184811,0.5482,22.589248418807983,564.1093292236328
cifar10,CIFAR_ViT,128,RMSprop,1,2.3542468309402467,0.0985376602564102,2.328062073135376,0.1,22.584747791290283,22.584747791290283
cifar10,CIFAR_ViT,128,RMSprop,2,2.310900219892844,0.1014823717948718,2.309785583496094,0.1,22.577692985534668,45.16244077682495
cifar10,CIFAR_ViT,128,RMSprop,3,2.306205618687165,0.099619391025641,2.304616879272461,0.1,22.57456636428833,67.73700714111328
cifar10,CIFAR_ViT,128,RMSprop,4,2.3050201862286297,0.0978365384615384,2.3032539222717285,0.1,22.578960180282596,90.31596732139587
cifar10,CIFAR_ViT,128,RMSprop,5,2.3040317431474344,0.1019030448717948,2.303252407836914,0.1,22.568196058273315,112.8841633796692
cifar10,CIFAR_ViT,128,RMSprop,6,2.30393961759714,0.0976963141025641,2.303212370300293,0.1,22.572492122650143,135.45665550231934
cifar10,CIFAR_ViT,128,RMSprop,7,2.3037248556430523,0.0994791666666666,2.302700706100464,0.1,22.557442665100098,158.01409816741943
cifar10,CIFAR_ViT,128,RMSprop,8,2.3034740374638485,0.0984775641025641,2.303266400909424,0.1,22.615713834762573,180.629812002182
cifar10,CIFAR_ViT,128,RMSprop,9,2.303517672343132,0.0998597756410256,2.3027395378112794,0.1,22.592064142227173,203.2218761444092
cifar10,CIFAR_ViT,128,RMSprop,10,2.303485693075718,0.0998397435897436,2.302750538635254,0.1,22.575453281402588,225.79732942581177
cifar10,CIFAR_ViT,128,RMSprop,11,2.3032662299963143,0.1000400641025641,2.302621590423584,0.1,22.586423873901367,248.38375329971316
cifar10,CIFAR_ViT,128,RMSprop,12,2.303201478566879,0.0995993589743589,2.3027879943847656,0.1,22.608725547790527,270.99247884750366
cifar10,CIFAR_ViT,128,RMSprop,13,2.303191197835482,0.101963141025641,2.3027050384521486,0.1,22.56923723220825,293.5617160797119
cifar10,CIFAR_ViT,128,RMSprop,14,2.3031071772942178,0.0993389423076923,2.302812919998169,0.1,22.618582248687744,316.18029832839966
cifar10,CIFAR_ViT,128,RMSprop,15,2.303053160202809,0.1006410256410256,2.302926749420166,0.1,22.56920981407165,338.7495081424713
cifar10,CIFAR_ViT,128,RMSprop,16,2.3031551281611127,0.1005408653846153,2.302951108551025,0.1,22.57991623878479,361.3294243812561
cifar10,CIFAR_ViT,128,RMSprop,17,2.3030865718156863,0.0969150641025641,2.3027790702819826,0.1,22.560911417007446,383.8903357982636
cifar10,CIFAR_ViT,128,RMSprop,18,2.303173735814217,0.0986578525641025,2.302656894683838,0.1,22.56173324584961,406.4520690441132
cifar10,CIFAR_ViT,128,RMSprop,19,2.3029901791841554,0.0981370192307692,2.3026353378295896,0.1,22.604700803756717,429.0567698478699
cifar10,CIFAR_ViT,128,RMSprop,20,2.3029802988737056,0.0987580128205128,2.302777512359619,0.1,22.551134824752808,451.6079046726227
cifar10,CIFAR_ViT,128,RMSprop,21,2.3029084272873708,0.1011017628205128,2.3030545680999754,0.1,22.632051944732662,474.23995661735535
cifar10,CIFAR_ViT,128,RMSprop,22,2.303065232130197,0.0990584935897435,2.302647037124634,0.1,22.57597231864929,496.81592893600464
cifar10,CIFAR_ViT,128,RMSprop,23,2.30297210644453,0.0980168269230769,2.3026779712677,0.1,22.576298236846924,519.3922271728516
cifar10,CIFAR_ViT,128,RMSprop,24,2.303007887571286,0.0985777243589743,2.302671209716797,0.1,22.565345287323,541.9575724601746
cifar10,CIFAR_ViT,128,RMSprop,25,2.302963279455136,0.0977964743589743,2.3027103553771973,0.1,22.567341089248657,564.5249135494232
cifar10,CIFAR_ViT,128,Adasecant,1,2.105597162552369,0.2062900641025641,1.9823516151428224,0.2541,32.55735969543457,32.55735969543457
cifar10,CIFAR_ViT,128,Adasecant,2,1.895149409159636,0.2861177884615384,1.785745491027832,0.3415,32.529191970825195,65.08655166625977
cifar10,CIFAR_ViT,128,Adasecant,3,1.7580652726002228,0.3439102564102564,1.6995574188232423,0.3758,32.533589124679565,97.62014079093932
cifar10,CIFAR_ViT,128,Adasecant,4,1.6570980041455,0.3855368589743589,1.5632676551818847,0.4285,32.4944052696228,130.11454606056213
cifar10,CIFAR_ViT,128,Adasecant,5,1.5453864702811608,0.4331530448717948,1.513562320137024,0.4536,32.51189136505127,162.6264374256134
cifar10,CIFAR_ViT,128,Adasecant,6,1.4419358314611972,0.4752003205128205,1.3213416065216064,0.5172,32.51522517204285,195.14166259765625
cifar10,CIFAR_ViT,128,Adasecant,7,1.3675290471468216,0.5045873397435897,1.2472774578094483,0.5448,32.47732138633728,227.61898398399356
cifar10,CIFAR_ViT,128,Adasecant,8,1.2955184685878265,0.5309495192307693,1.2334655822753906,0.5537,32.51979398727417,260.1387779712677
cifar10,CIFAR_ViT,128,Adasecant,9,1.2351076933053824,0.553165064102564,1.1784606273651124,0.5732,32.45990514755249,292.5986831188202
cifar10,CIFAR_ViT,128,Adasecant,10,1.1829811588311807,0.5731370192307692,1.122135780620575,0.597,32.499913454055786,325.098596572876
cifar10,CIFAR_ViT,128,Adasecant,11,1.1343851945339103,0.5936698717948717,1.0640647598266602,0.6178,32.50043249130249,357.59902906417847
cifar10,CIFAR_ViT,128,Adasecant,12,1.0888114750385285,0.6095953525641026,1.0532248282432557,0.6257,32.50079131126404,390.0998203754425
cifar10,CIFAR_ViT,128,Adasecant,13,1.0461589408226502,0.6244591346153846,1.0134735147476197,0.6441,32.500890016555786,422.6007103919983
cifar10,CIFAR_ViT,128,Adasecant,14,0.9979798119801742,0.6426682692307693,1.0047943475723269,0.6502,32.48888659477234,455.0895969867706
cifar10,CIFAR_ViT,128,Adasecant,15,0.9622117219827114,0.6569711538461539,0.9820155939102172,0.6569,32.483561754226685,487.5731587409973
cifar10,CIFAR_ViT,128,Adasecant,16,0.929273164119476,0.6691706730769231,0.9527511496543885,0.6692,32.507527112960815,520.0806858539581
cifar10,CIFAR_ViT,128,Adasecant,17,0.8975686221550673,0.6799078525641026,0.9154878938674926,0.6834,32.499236822128296,552.5799226760864
cifar10,CIFAR_ViT,128,Adasecant,18,0.8684496546402956,0.6928084935897436,0.9063027627944946,0.6891,32.50444221496582,585.0843648910522
cifar10,CIFAR_ViT,128,Adasecant,19,0.8438755758297749,0.6990384615384615,0.8478672328948975,0.704,32.500436544418335,617.5848014354706
cifar10,CIFAR_ViT,128,Adasecant,20,0.8183984301029108,0.7108173076923077,0.8262081448554993,0.7155,32.476465463638306,650.0612668991089
cifar10,CIFAR_ViT,128,Adasecant,21,0.7957652394588177,0.7189903846153847,0.8304211463451385,0.7094,32.474873542785645,682.5361404418945
cifar10,CIFAR_ViT,128,Adasecant,22,0.7780458234823667,0.7245192307692307,0.8364068531036377,0.713,32.49532461166382,715.0314650535583
cifar10,CIFAR_ViT,128,Adasecant,23,0.7565341781347226,0.7302083333333333,0.7947338266372681,0.7214,32.497251749038696,747.528716802597
cifar10,CIFAR_ViT,128,Adasecant,24,0.7327121324264086,0.739463141025641,0.7526010235786438,0.7358,32.50612115859985,780.0348379611969
cifar10,CIFAR_ViT,128,Adasecant,25,0.7247096765499849,0.74296875,0.7795690623283387,0.7284,32.50155067443848,812.5363886356354
cifar10,CIFAR_ViT,512,SGD,1,3.8650970999727545,0.1010993878865979,2.323280983352661,0.1,22.58357095718384,22.58357095718384
cifar10,CIFAR_ViT,512,SGD,2,2.319558849039766,0.0988845038659793,2.3087733753204347,0.1,22.166218757629395,44.74978971481323
cifar10,CIFAR_ViT,512,SGD,3,2.3148901020128703,0.0990053157216494,2.3174518642425537,0.1,22.057682752609253,66.80747246742249
cifar10,CIFAR_ViT,512,SGD,4,2.313287938993002,0.1001530283505154,2.310700424957276,0.1,22.08220148086548,88.88967394828796
cifar10,CIFAR_ViT,512,SGD,5,2.31078794322063,0.0994281572164948,2.3143899200439453,0.1,22.08213305473328,110.97180700302124
cifar10,CIFAR_ViT,512,SGD,6,2.3131497594499097,0.0978173324742268,2.303743893432617,0.1,22.0738217830658,133.04562878608704
cifar10,CIFAR_ViT,512,SGD,7,2.310992484240188,0.101622905927835,2.3137402877807616,0.1,22.065981149673465,155.1116099357605
cifar10,CIFAR_ViT,512,SGD,8,2.3105492419803264,0.1025692654639175,2.314957972335816,0.1,22.166234016418457,177.27784395217896
cifar10,CIFAR_ViT,512,SGD,9,2.30902502463036,0.0986831507731958,2.3076056663513183,0.1,22.066994428634644,199.3448383808136
cifar10,CIFAR_ViT,512,SGD,10,2.3082569653225926,0.1014416881443299,2.307741892623901,0.1,22.060081481933597,221.4049198627472
cifar10,CIFAR_ViT,512,SGD,11,2.3089216640315104,0.0994281572164948,2.312133423614502,0.1,22.04726505279541,243.4521849155426
cifar10,CIFAR_ViT,512,SGD,12,2.3088780506369995,0.0994281572164948,2.3058153087615967,0.1,22.067612886428837,265.51979780197144
cifar10,CIFAR_ViT,512,SGD,13,2.307860467851776,0.0975555734536082,2.303307974243164,0.1,22.05745887756348,287.5772566795349
cifar10,CIFAR_ViT,512,SGD,14,2.306530910668914,0.0975555734536082,2.3058773380279542,0.1,22.041666507720947,309.61892318725586
cifar10,CIFAR_ViT,512,SGD,15,2.30796092072713,0.1012403350515463,2.3098731185913084,0.1,22.17061233520508,331.78953552246094
cifar10,CIFAR_ViT,512,SGD,16,2.309143351525376,0.0982804445876288,2.3053945171356203,0.1,22.055277347564697,353.84481287002563
cifar10,CIFAR_ViT,512,SGD,17,2.3064295655673317,0.0990858569587628,2.3045184341430662,0.1,22.03478169441223,375.87959456443787
cifar10,CIFAR_ViT,512,SGD,18,2.306249161356503,0.0998509987113402,2.3041775718688964,0.1,22.05076289176941,397.9303574562073
cifar10,CIFAR_ViT,512,SGD,19,2.3065188938809422,0.0991059922680412,2.303625648880005,0.1,22.082741260528564,420.01309871673584
cifar10,CIFAR_ViT,512,SGD,20,2.3058783688496067,0.0996295103092783,2.303876540374756,0.1,22.05654740333557,442.0696461200714
cifar10,CIFAR_ViT,512,SGD,21,2.3058133666048346,0.1004349226804123,2.3038387825012205,0.1,22.163048028945923,464.2326941490173
cifar10,CIFAR_ViT,512,SGD,22,2.3058550652769423,0.1014416881443299,2.307921924972534,0.1,22.068946838378903,486.3016409873962
cifar10,CIFAR_ViT,512,SGD,23,2.3069616003134814,0.0973743556701031,2.306637299346924,0.1,22.05317687988281,508.3548178672791
cifar10,CIFAR_ViT,512,SGD,24,2.306074255520536,0.1003141108247422,2.309614157867432,0.1,22.057560205459595,530.4123780727386
cifar10,CIFAR_ViT,512,SGD,25,2.3047931268043125,0.1002335695876288,2.3096102104187013,0.1,22.05413246154785,552.4665105342865
cifar10,CIFAR_ViT,512,Adam,1,2.123185889008119,0.1927754510309278,1.957797270965576,0.2366,22.094029426574707,22.094029426574707
cifar10,CIFAR_ViT,512,Adam,2,1.9007859377516916,0.2594635953608247,1.7908826013565065,0.3005,22.11435914039612,44.208388566970825
cifar10,CIFAR_ViT,512,Adam,3,1.7690846711089931,0.3043854703608247,1.6585051651000975,0.3526,22.164391040802,66.37277960777283
cifar10,CIFAR_ViT,512,Adam,4,1.661591580233623,0.3655968105670103,1.5239251510620118,0.4372,22.023296117782596,88.39607572555542
cifar10,CIFAR_ViT,512,Adam,5,1.519188042768498,0.4380235180412371,1.403194964981079,0.4898,22.051903009414676,110.44797873497008
cifar10,CIFAR_ViT,512,Adam,6,1.4114081515479333,0.4802875322164948,1.3056929748535155,0.5241,22.031869411468502,132.4798481464386
cifar10,CIFAR_ViT,512,Adam,7,1.3515475902360738,0.5081145296391752,1.231573907470703,0.5504,22.025243043899536,154.5050911903381
cifar10,CIFAR_ViT,512,Adam,8,1.2621091690260111,0.5432707796391752,1.1765453498840333,0.5728,22.01608395576477,176.5211751461029
cifar10,CIFAR_ViT,512,Adam,9,1.2004168721818431,0.5676546391752577,1.1419116580963136,0.5863,22.138487339019772,198.65966248512268
cifar10,CIFAR_ViT,512,Adam,10,1.148834335435297,0.5854542525773195,1.067067919921875,0.6132,22.020432472229004,220.68009495735168
cifar10,CIFAR_ViT,512,Adam,11,1.0954838487290846,0.6103817654639175,1.0581780620574952,0.6202,22.049275159835812,242.7293701171875
cifar10,CIFAR_ViT,512,Adam,12,1.0848979292456638,0.6105227126288659,1.018897472000122,0.6318,22.01880693435669,264.7481770515442
cifar10,CIFAR_ViT,512,Adam,13,1.037356709696583,0.6289465206185567,0.9670341873168944,0.6576,22.009652853012085,286.7578299045563
cifar10,CIFAR_ViT,512,Adam,14,0.997656226772623,0.6456990979381443,0.9387336153030396,0.6595,22.00284457206726,308.76067447662354
cifar10,CIFAR_ViT,512,Adam,15,0.972883110193862,0.653431056701031,0.9354651244163512,0.6687,21.988837718963623,330.7495121955872
cifar10,CIFAR_ViT,512,Adam,16,0.9458867360636132,0.6628745167525774,0.90407827501297,0.6805,22.11956024169922,352.8690724372864
cifar10,CIFAR_ViT,512,Adam,17,0.911574398733906,0.6762846327319587,0.8658616509437561,0.6953,22.005974769592285,374.87504720687866
cifar10,CIFAR_ViT,512,Adam,18,0.8875193294790602,0.6865133698453608,0.853227244758606,0.6967,22.01292634010315,396.8879735469818
cifar10,CIFAR_ViT,512,Adam,19,0.8650721864602,0.6936815399484536,0.8321589904785156,0.7084,22.002359628677368,418.8903331756592
cifar10,CIFAR_ViT,512,Adam,20,0.8473429274313229,0.7002255154639175,0.8389869753837585,0.6992,22.02592730522156,440.9162604808808
cifar10,CIFAR_ViT,512,Adam,21,0.819793433258214,0.7095078930412371,0.8211622509002685,0.7181,22.029678106307983,462.9459385871887
cifar10,CIFAR_ViT,512,Adam,22,0.7937611814626714,0.7208440721649485,0.8036931301116943,0.7158,22.10429072380066,485.0502293109894
cifar10,CIFAR_ViT,512,Adam,23,0.7845516401467864,0.7234415270618557,0.7772460479736328,0.7324,22.022921323776245,507.0731506347656
cifar10,CIFAR_ViT,512,Adam,24,0.7632898331917438,0.7289988724226805,0.7834222165107727,0.731,22.012539863586422,529.085690498352
cifar10,CIFAR_ViT,512,Adam,25,0.7526225085111008,0.7333279639175257,0.7500721613883972,0.7383,22.00041127204895,551.086101770401
cifar10,CIFAR_ViT,512,RMSprop,1,2.4113782681140705,0.0998308634020618,2.31648796081543,0.1,22.04167675971985,22.04167675971985
cifar10,CIFAR_ViT,512,RMSprop,2,2.321321782377577,0.1018242590206185,2.3304921493530277,0.1,22.04072141647339,44.08239817619324
cifar10,CIFAR_ViT,512,RMSprop,3,2.319400362132751,0.0976965206185567,2.316836490631104,0.1,22.03021717071533,66.11261534690857
cifar10,CIFAR_ViT,512,RMSprop,4,2.315539878668244,0.0989046391752577,2.308885642242432,0.1,22.138213872909542,88.25082921981812
cifar10,CIFAR_ViT,512,RMSprop,5,2.312429091365067,0.1008577641752577,2.3127416645050047,0.1,22.04892516136169,110.2997543811798
cifar10,CIFAR_ViT,512,RMSprop,6,2.3103454506274352,0.0998308634020618,2.3113521617889403,0.1,22.044109344482425,132.34386372566223
cifar10,CIFAR_ViT,512,RMSprop,7,2.308250085594728,0.100817493556701,2.3060302856445314,0.1,22.04165387153625,154.3855175971985
cifar10,CIFAR_ViT,512,RMSprop,8,2.3070403595560607,0.1001328930412371,2.3044797374725343,0.1,22.045340299606323,176.4308578968048
cifar10,CIFAR_ViT,512,RMSprop,9,2.305991971615664,0.1014215528350515,2.3067524993896487,0.1,22.045007467269897,198.4758653640747
cifar10,CIFAR_ViT,512,RMSprop,10,2.305322039987623,0.1006161404639175,2.3046821529388426,0.1,22.12632131576538,220.6021866798401
cifar10,CIFAR_ViT,512,RMSprop,11,2.309493787509879,0.0971125966494845,2.303734256362915,0.1,22.04461431503296,242.64680099487305
cifar10,CIFAR_ViT,512,RMSprop,12,2.304534459851452,0.100414787371134,2.304533131790161,0.1,22.04217410087585,264.6889750957489
cifar10,CIFAR_ViT,512,RMSprop,13,2.304326431038453,0.0992469394329896,2.3034367946624754,0.1,22.060850620269772,286.7498257160187
cifar10,CIFAR_ViT,512,RMSprop,14,2.303751230239868,0.099669780927835,2.3035906566619877,0.1,22.065550327301025,308.8153760433197
cifar10,CIFAR_ViT,512,RMSprop,15,2.303629462251958,0.1026095360824742,2.302989771652222,0.1,22.05213737487793,330.86751341819763
cifar10,CIFAR_ViT,512,RMSprop,16,2.303778889252968,0.0963273195876288,2.3032618682861328,0.1,22.051684617996216,352.91919803619385
cifar10,CIFAR_ViT,512,RMSprop,17,2.303701479410388,0.0972736791237113,2.303392783355713,0.1,22.190913438797,375.1101114749909
cifar10,CIFAR_ViT,512,RMSprop,18,2.303455873862984,0.098119362113402,2.3028240592956544,0.1,22.04808759689331,397.15819907188416
cifar10,CIFAR_ViT,512,RMSprop,19,2.303495303871705,0.1014819587628866,2.303087588119507,0.1,22.055908918380737,419.2141079902649
cifar10,CIFAR_ViT,512,RMSprop,20,2.3032192790631165,0.1007168170103092,2.303833376312256,0.1,22.07124924659729,441.2853572368622
cifar10,CIFAR_ViT,512,RMSprop,21,2.303518442763496,0.0971327319587628,2.3029885055541994,0.1,22.059490203857425,463.3448474407196
cifar10,CIFAR_ViT,512,RMSprop,22,2.303478376152589,0.0978374677835051,2.3027506717681883,0.1,22.02724385261536,485.37209129333496
cifar10,CIFAR_ViT,512,RMSprop,23,2.30317405818664,0.0999114046391752,2.3038096450805665,0.1,22.15543794631958,507.52752923965454
cifar10,CIFAR_ViT,512,RMSprop,24,2.303199871299193,0.0982401739690721,2.302662781524658,0.1,22.061075925827023,529.5886051654816
cifar10,CIFAR_ViT,512,RMSprop,25,2.3031303046904887,0.0978173324742268,2.3028506523132326,0.1,22.06666922569275,551.6552743911743
cifar10,CIFAR_ViT,512,Adasecant,1,2.220857507174777,0.1885269007731958,2.0297957874298094,0.2102,24.48830938339233,24.48830938339233
cifar10,CIFAR_ViT,512,Adasecant,2,1.966935614949649,0.2458923969072164,1.901929719543457,0.2717,24.519646883010864,49.0079562664032
cifar10,CIFAR_ViT,512,Adasecant,3,1.8730631427666573,0.2822970360824742,1.884033790397644,0.3014,24.604624271392822,73.61258053779602
cifar10,CIFAR_ViT,512,Adasecant,4,1.8145359828300085,0.3100032216494845,1.8110111183166504,0.3219,24.48736000061035,98.09994053840636
cifar10,CIFAR_ViT,512,Adasecant,5,1.7672775504515343,0.328588112113402,1.769308766746521,0.3498,24.51936936378479,122.61930990219116
cifar10,CIFAR_ViT,512,Adasecant,6,1.7236715493742951,0.3501731636597938,1.6685481365203858,0.3795,24.51192355155945,147.1312334537506
cifar10,CIFAR_ViT,512,Adasecant,7,1.6774154741739489,0.3701473904639175,1.6364882919311523,0.4035,24.61176037788391,171.74299383163452
cifar10,CIFAR_ViT,512,Adasecant,8,1.6373355560696,0.3864972615979381,1.550664831161499,0.4313,24.50739574432373,196.25038957595825
cifar10,CIFAR_ViT,512,Adasecant,9,1.5954227201717417,0.4084648840206185,1.5123651235580444,0.4454,24.51398348808289,220.76437306404117
cifar10,CIFAR_ViT,512,Adasecant,10,1.5596936695354502,0.4219152706185567,1.5248705324172973,0.4444,24.5044162273407,245.26878929138184
cifar10,CIFAR_ViT,512,Adasecant,11,1.5189874688374627,0.4410035438144329,1.527916993522644,0.4439,24.514676094055176,269.783465385437
cifar10,CIFAR_ViT,512,Adasecant,12,1.4931250822912787,0.4502456507731959,1.4578676279067992,0.4773,24.516775608062744,294.30024099349976
cifar10,CIFAR_ViT,512,Adasecant,13,1.4539338510061048,0.4662733569587629,1.4045483978271485,0.4953,24.516212224960327,318.8164532184601
cifar10,CIFAR_ViT,512,Adasecant,14,1.4246460015011817,0.4788780605670103,1.3568281356811522,0.5118,24.5138099193573,343.3302631378174
cifar10,CIFAR_ViT,512,Adasecant,15,1.3999679543308376,0.4881604381443299,1.3482389337539673,0.5132,24.520137071609497,367.8504002094269
cifar10,CIFAR_ViT,512,Adasecant,16,1.362886452183281,0.5047317976804123,1.2854551391601563,0.5322,24.651404857635494,392.5018050670624
cifar10,CIFAR_ViT,512,Adasecant,17,1.338046152567126,0.5131282216494846,1.281720087623596,0.5375,24.524391412734985,417.02619647979736
cifar10,CIFAR_ViT,512,Adasecant,18,1.3136421564928036,0.5230549291237113,1.2452263486862185,0.5546,24.51229500770569,441.5384914875031
cifar10,CIFAR_ViT,512,Adasecant,19,1.2911459613092169,0.5324782538659794,1.269611029434204,0.548,24.50347065925598,466.04196214675903
cifar10,CIFAR_ViT,512,Adasecant,20,1.2686512802065033,0.5408142719072165,1.226844811630249,0.5629,24.611294269561768,490.6532564163208
cifar10,CIFAR_ViT,512,Adasecant,21,1.2434124627064185,0.5493113724226805,1.1935047483444214,0.5662,24.483405828475952,515.1366622447968
cifar10,CIFAR_ViT,512,Adasecant,22,1.222661457110926,0.5585132087628866,1.180924971961975,0.5728,24.522558450698853,539.6592206954956
cifar10,CIFAR_ViT,512,Adasecant,23,1.1989457803903167,0.5683392396907216,1.1742809743881226,0.5753,24.49096417427063,564.1501848697662
cifar10,CIFAR_ViT,512,Adasecant,24,1.1840405046325368,0.5746415914948454,1.1689851934432984,0.5799,24.597745895385746,588.747930765152
cifar10,CIFAR_ViT,512,Adasecant,25,1.1644555588358456,0.5788498711340206,1.1554183498382569,0.5822,24.51011371612549,613.2580444812775
