Dataset,Model,Batch_Size,Optimizer,Epoch,Train_Loss,Val_Loss,Epoch_Time_sec,Cumulative_Time_sec
Synthetic_784d,DeepLinearAutoencoder,128,SGD,1,0.9999255743026734,1.0002984895706177,0.6996793746948242,0.6996793746948242
Synthetic_784d,DeepLinearAutoencoder,128,SGD,2,0.9999255037307739,1.0002987279891968,0.04571175575256348,0.7453911304473877
Synthetic_784d,DeepLinearAutoencoder,128,SGD,3,0.9999254817962646,1.0002989339828492,0.04568171501159668,0.7910728454589844
Synthetic_784d,DeepLinearAutoencoder,128,SGD,4,0.9999254150390625,1.0002990398406983,0.04574751853942871,0.8368203639984131
Synthetic_784d,DeepLinearAutoencoder,128,SGD,5,0.9999253826141358,1.0002992305755616,0.04582858085632324,0.8826489448547363
Synthetic_784d,DeepLinearAutoencoder,128,SGD,6,0.9999253606796265,1.000299422264099,0.04539918899536133,0.9280481338500977
Synthetic_784d,DeepLinearAutoencoder,128,SGD,7,0.9999253149032593,1.0002995510101318,0.04360532760620117,0.9716534614562988
Synthetic_784d,DeepLinearAutoencoder,128,SGD,8,0.9999252619743347,1.0002996444702148,0.04378986358642578,1.0154433250427246
Synthetic_784d,DeepLinearAutoencoder,128,SGD,9,0.999925253868103,1.0002997407913208,0.04378461837768555,1.0592279434204102
Synthetic_784d,DeepLinearAutoencoder,128,SGD,10,0.999925229549408,1.0002998943328858,0.04629921913146973,1.1055271625518799
Synthetic_784d,DeepLinearAutoencoder,128,SGD,11,0.9999251909255982,1.0002999773025514,0.046291351318359375,1.1518185138702393
Synthetic_784d,DeepLinearAutoencoder,128,SGD,12,0.9999251670837402,1.0003001289367677,0.04400491714477539,1.1958234310150146
Synthetic_784d,DeepLinearAutoencoder,128,SGD,13,0.9999251027107239,1.0003002452850343,0.04482841491699219,1.2406518459320068
Synthetic_784d,DeepLinearAutoencoder,128,SGD,14,0.999925106048584,1.0003003463745117,0.045386314392089844,1.2860381603240967
Synthetic_784d,DeepLinearAutoencoder,128,SGD,15,0.999925106048584,1.0003005304336547,0.04459643363952637,1.330634593963623
Synthetic_784d,DeepLinearAutoencoder,128,SGD,16,0.9999250240325928,1.0003006191253663,0.04492974281311035,1.3755643367767334
Synthetic_784d,DeepLinearAutoencoder,128,SGD,17,0.9999249873161316,1.0003007020950316,0.04508209228515625,1.4206464290618896
Synthetic_784d,DeepLinearAutoencoder,128,SGD,18,0.9999249820709228,1.0003009853363036,0.044402122497558594,1.4650485515594482
Synthetic_784d,DeepLinearAutoencoder,128,SGD,19,0.9999249310493469,1.0003011093139649,0.04507327079772949,1.5101218223571777
Synthetic_784d,DeepLinearAutoencoder,128,SGD,20,0.9999248809814453,1.0003012552261352,0.04448890686035156,1.5546107292175293
Synthetic_784d,DeepLinearAutoencoder,128,SGD,21,0.9999248495101929,1.000301432609558,0.04428505897521973,1.598895788192749
Synthetic_784d,DeepLinearAutoencoder,128,SGD,22,0.9999248037338256,1.0003015928268433,0.04455113410949707,1.643446922302246
Synthetic_784d,DeepLinearAutoencoder,128,SGD,23,0.9999247493743897,1.0003017091751099,0.04419302940368652,1.6876399517059326
Synthetic_784d,DeepLinearAutoencoder,128,SGD,24,0.999924783706665,1.0003017473220825,0.044121742248535156,1.7317616939544678
Synthetic_784d,DeepLinearAutoencoder,128,SGD,25,0.9999246940612793,1.0003018531799317,0.04402637481689453,1.7757880687713623
Synthetic_784d,DeepLinearAutoencoder,128,SGD,26,0.9999247207641602,1.0003019618988036,0.0435638427734375,1.8193519115447998
Synthetic_784d,DeepLinearAutoencoder,128,SGD,27,0.9999246664047241,1.0003020935058593,0.04369759559631348,1.8630495071411133
Synthetic_784d,DeepLinearAutoencoder,128,SGD,28,0.9999246435165405,1.000302285194397,0.04409527778625488,1.9071447849273682
Synthetic_784d,DeepLinearAutoencoder,128,SGD,29,0.9999246048927307,1.0003024415969848,0.043624162673950195,1.9507689476013184
Synthetic_784d,DeepLinearAutoencoder,128,SGD,30,0.9999245629310608,1.0003026056289672,0.04424571990966797,1.9950146675109863
Synthetic_784d,DeepLinearAutoencoder,128,SGD,31,0.9999245338439942,1.0003027172088623,0.043794870376586914,2.0388095378875732
Synthetic_784d,DeepLinearAutoencoder,128,SGD,32,0.9999244813919067,1.000302785873413,0.043511152267456055,2.0823206901550293
Synthetic_784d,DeepLinearAutoencoder,128,SGD,33,0.9999244651794433,1.000302978515625,0.04394650459289551,2.126267194747925
Synthetic_784d,DeepLinearAutoencoder,128,SGD,34,0.999924412727356,1.00030313205719,0.04382586479187012,2.170093059539795
Synthetic_784d,DeepLinearAutoencoder,128,SGD,35,0.9999243869781494,1.0003031930923463,0.044190406799316406,2.2142834663391113
Synthetic_784d,DeepLinearAutoencoder,128,SGD,36,0.999924337387085,1.0003033504486083,0.04398393630981445,2.258267402648926
Synthetic_784d,DeepLinearAutoencoder,128,SGD,37,0.9999243245124817,1.000303572654724,0.04367208480834961,2.3019394874572754
Synthetic_784d,DeepLinearAutoencoder,128,SGD,38,0.9999242844581604,1.0003036785125732,0.04374837875366211,2.3456878662109375
Synthetic_784d,DeepLinearAutoencoder,128,SGD,39,0.9999242324829102,1.000303831100464,0.04369688034057617,2.3893847465515137
Synthetic_784d,DeepLinearAutoencoder,128,SGD,40,0.9999242224693299,1.0003040227890014,0.044461965560913086,2.4338467121124268
Synthetic_784d,DeepLinearAutoencoder,128,Adam,1,0.8737362675666809,0.7131590662002564,0.12801098823547363,0.12801098823547363
Synthetic_784d,DeepLinearAutoencoder,128,Adam,2,0.6665766406059265,0.6586499495506286,0.053431034088134766,0.1814420223236084
Synthetic_784d,DeepLinearAutoencoder,128,Adam,3,0.6146175780296326,0.5392092051506042,0.05020761489868164,0.23164963722229004
Synthetic_784d,DeepLinearAutoencoder,128,Adam,4,0.48942466259002687,0.4412610943317413,0.04662513732910156,0.2782747745513916
Synthetic_784d,DeepLinearAutoencoder,128,Adam,5,0.38720046424865723,0.34480692362785337,0.0472869873046875,0.3255617618560791
Synthetic_784d,DeepLinearAutoencoder,128,Adam,6,0.3353691668510437,0.3305069077014923,0.052048444747924805,0.3776102066040039
Synthetic_784d,DeepLinearAutoencoder,128,Adam,7,0.25370240151882173,0.15002208042144777,0.0574803352355957,0.4350905418395996
Synthetic_784d,DeepLinearAutoencoder,128,Adam,8,0.15463836312294008,0.07653332191705704,0.05360603332519531,0.4886965751647949
Synthetic_784d,DeepLinearAutoencoder,128,Adam,9,0.05187865856289864,0.04241640484333038,0.06038260459899902,0.549079179763794
Synthetic_784d,DeepLinearAutoencoder,128,Adam,10,0.03978019616007805,0.038198507070541385,0.05139040946960449,0.6004695892333984
Synthetic_784d,DeepLinearAutoencoder,128,Adam,11,0.037068397969007495,0.03644134393334389,0.05064964294433594,0.6511192321777344
Synthetic_784d,DeepLinearAutoencoder,128,Adam,12,0.03625538033246994,0.03614659133553505,0.052026987075805664,0.70314621925354
Synthetic_784d,DeepLinearAutoencoder,128,Adam,13,0.03618273508548737,0.036180567890405656,0.05045795440673828,0.7536041736602783
Synthetic_784d,DeepLinearAutoencoder,128,Adam,14,0.03621202412247658,0.03618357494473457,0.04886507987976074,0.8024692535400391
Synthetic_784d,DeepLinearAutoencoder,128,Adam,15,0.036170384913682935,0.03619006338715553,0.05141282081604004,0.8538820743560791
Synthetic_784d,DeepLinearAutoencoder,128,Adam,16,0.03619368013739586,0.03617142513394356,0.04762625694274902,0.9015083312988281
Synthetic_784d,DeepLinearAutoencoder,128,Adam,17,0.036182671785354614,0.03612910163402557,0.04628944396972656,0.9477977752685547
Synthetic_784d,DeepLinearAutoencoder,128,Adam,18,0.03616321334242821,0.0361269368827343,0.04602313041687012,0.9938209056854248
Synthetic_784d,DeepLinearAutoencoder,128,Adam,19,0.036156393021345136,0.03617221873998642,0.04654526710510254,1.0403661727905273
Synthetic_784d,DeepLinearAutoencoder,128,Adam,20,0.03625482079386711,0.0361888367831707,0.046600341796875,1.0869665145874023
Synthetic_784d,DeepLinearAutoencoder,128,Adam,21,0.03626701146364212,0.036482533305883406,0.04640007019042969,1.133366584777832
Synthetic_784d,DeepLinearAutoencoder,128,Adam,22,0.036421172231435775,0.036456351429224015,0.04670143127441406,1.180068016052246
Synthetic_784d,DeepLinearAutoencoder,128,Adam,23,0.03652410820126534,0.036739267587661745,0.04652905464172363,1.2265970706939697
Synthetic_784d,DeepLinearAutoencoder,128,Adam,24,0.03651315999031067,0.036772655576467514,0.04667472839355469,1.2732717990875244
Synthetic_784d,DeepLinearAutoencoder,128,Adam,25,0.03729801368713379,0.03822208771109581,0.04680037498474121,1.3200721740722656
Synthetic_784d,DeepLinearAutoencoder,128,Adam,26,0.037332055509090425,0.03941265738010406,0.04642605781555176,1.3664982318878174
Synthetic_784d,DeepLinearAutoencoder,128,Adam,27,0.03820975497364998,0.039225046843290326,0.04635953903198242,1.4128577709197998
Synthetic_784d,DeepLinearAutoencoder,128,Adam,28,0.037915303498506546,0.03831890353560448,0.04675006866455078,1.4596078395843506
Synthetic_784d,DeepLinearAutoencoder,128,Adam,29,0.03820048588514328,0.03729058554768562,0.05114102363586426,1.5107488632202148
Synthetic_784d,DeepLinearAutoencoder,128,Adam,30,0.03843497261404991,0.03940538382530213,0.04879641532897949,1.5595452785491943
Synthetic_784d,DeepLinearAutoencoder,128,Adam,31,0.31942911422252657,1.0049375591278076,0.049130916595458984,1.6086761951446533
Synthetic_784d,DeepLinearAutoencoder,128,Adam,32,0.5724038438796997,0.2597509013414383,0.04961800575256348,1.6582942008972168
Synthetic_784d,DeepLinearAutoencoder,128,Adam,33,0.15076897865533828,0.06097480008006096,0.04933452606201172,1.7076287269592285
Synthetic_784d,DeepLinearAutoencoder,128,Adam,34,0.04440487152338028,0.037475399762392045,0.05036449432373047,1.757993221282959
Synthetic_784d,DeepLinearAutoencoder,128,Adam,35,0.03686941134929657,0.03639909785985947,0.04927396774291992,1.807267189025879
Synthetic_784d,DeepLinearAutoencoder,128,Adam,36,0.03637977397441864,0.03627740588784218,0.049938201904296875,1.8572053909301758
Synthetic_784d,DeepLinearAutoencoder,128,Adam,37,0.03628057995438576,0.03617275646328926,0.05145621299743652,1.9086616039276123
Synthetic_784d,DeepLinearAutoencoder,128,Adam,38,0.03620108842849731,0.036129922717809675,0.04930591583251953,1.9579675197601318
Synthetic_784d,DeepLinearAutoencoder,128,Adam,39,0.03617055371403694,0.03610062128305435,0.050080299377441406,2.0080478191375732
Synthetic_784d,DeepLinearAutoencoder,128,Adam,40,0.03615158873796463,0.03607576575875282,0.04928278923034668,2.05733060836792
Synthetic_784d,DeepLinearAutoencoder,128,RMSprop,1,1253199.1022811355,1.2309180603027343,0.05446219444274902,0.05446219444274902
Synthetic_784d,DeepLinearAutoencoder,128,RMSprop,2,2.5638432636260986,1.1056256370544433,0.04780912399291992,0.10227131843566895
Synthetic_784d,DeepLinearAutoencoder,128,RMSprop,3,1.174302537918091,0.857629186630249,0.047736406326293945,0.1500077247619629
Synthetic_784d,DeepLinearAutoencoder,128,RMSprop,4,0.8839499835968018,0.8604348998069763,0.04895186424255371,0.1989595890045166
Synthetic_784d,DeepLinearAutoencoder,128,RMSprop,5,0.8683952441215516,0.8861957268714905,0.04665994644165039,0.245619535446167
Synthetic_784d,DeepLinearAutoencoder,128,RMSprop,6,0.8444496994018554,0.9842570562362671,0.0491487979888916,0.2947683334350586
Synthetic_784d,DeepLinearAutoencoder,128,RMSprop,7,1.1823287148475647,0.888858738899231,0.048043251037597656,0.34281158447265625
Synthetic_784d,DeepLinearAutoencoder,128,RMSprop,8,0.9219869022369385,0.7716410970687866,0.04682159423828125,0.3896331787109375
Synthetic_784d,DeepLinearAutoencoder,128,RMSprop,9,0.7444068617820739,0.8107782125473022,0.04501748085021973,0.4346506595611572
Synthetic_784d,DeepLinearAutoencoder,128,RMSprop,10,0.6910477256774903,0.5430176348686219,0.04558300971984863,0.48023366928100586
Synthetic_784d,DeepLinearAutoencoder,128,RMSprop,11,0.7221607513427735,0.6855838465690612,0.04800152778625488,0.5282351970672607
Synthetic_784d,DeepLinearAutoencoder,128,RMSprop,12,0.7299970622062684,0.6133439202308655,0.04987001419067383,0.5781052112579346
Synthetic_784d,DeepLinearAutoencoder,128,RMSprop,13,0.5972879817485809,0.4885276086330414,0.04987025260925293,0.6279754638671875
Synthetic_784d,DeepLinearAutoencoder,128,RMSprop,14,0.5194836535453796,0.4899368577003479,0.051354408264160156,0.6793298721313477
Synthetic_784d,DeepLinearAutoencoder,128,RMSprop,15,0.49103288221359254,0.4677813241481781,0.05031919479370117,0.7296490669250488
Synthetic_784d,DeepLinearAutoencoder,128,RMSprop,16,0.6777296228408813,0.9101644687652588,0.050531864166259766,0.7801809310913086
Synthetic_784d,DeepLinearAutoencoder,128,RMSprop,17,0.6486022129058838,0.4784368100166321,0.04675936698913574,0.8269402980804443
Synthetic_784d,DeepLinearAutoencoder,128,RMSprop,18,0.44267632508277893,0.6721571230888367,0.04631352424621582,0.8732538223266602
Synthetic_784d,DeepLinearAutoencoder,128,RMSprop,19,0.4310821123123169,0.47094028997421267,0.04714322090148926,0.9203970432281494
Synthetic_784d,DeepLinearAutoencoder,128,RMSprop,20,0.35477652931213377,0.31720770931243897,0.049512386322021484,0.9699094295501709
Synthetic_784d,DeepLinearAutoencoder,128,RMSprop,21,0.40794192028045656,0.38699829864501956,0.04645586013793945,1.0163652896881104
Synthetic_784d,DeepLinearAutoencoder,128,RMSprop,22,0.3407765407562256,0.39233808064460757,0.04656028747558594,1.0629255771636963
Synthetic_784d,DeepLinearAutoencoder,128,RMSprop,23,0.33340265798568725,0.32441862869262694,0.04666876792907715,1.1095943450927734
Synthetic_784d,DeepLinearAutoencoder,128,RMSprop,24,0.2184908074736595,0.15396604216098786,0.04639935493469238,1.1559937000274658
Synthetic_784d,DeepLinearAutoencoder,128,RMSprop,25,0.08222755289077759,0.07069633895158768,0.04851579666137695,1.2045094966888428
Synthetic_784d,DeepLinearAutoencoder,128,RMSprop,26,0.0439802263379097,0.059644357025623325,0.051828622817993164,1.256338119506836
Synthetic_784d,DeepLinearAutoencoder,128,RMSprop,27,0.05090401968359947,0.05608829095959664,0.04786396026611328,1.3042020797729492
Synthetic_784d,DeepLinearAutoencoder,128,RMSprop,28,0.04532989645004273,0.05172925117611885,0.04786515235900879,1.352067232131958
Synthetic_784d,DeepLinearAutoencoder,128,RMSprop,29,0.04904567560553551,0.05622291859984398,0.04841256141662598,1.400479793548584
Synthetic_784d,DeepLinearAutoencoder,128,RMSprop,30,0.04917554187774658,0.06544009202718734,0.04679369926452637,1.4472734928131104
Synthetic_784d,DeepLinearAutoencoder,128,RMSprop,31,579.328014406085,16.997057067871093,0.05153918266296387,1.4988126754760742
Synthetic_784d,DeepLinearAutoencoder,128,RMSprop,32,5.37998273229599,0.6791826615333557,0.04816007614135742,1.5469727516174316
Synthetic_784d,DeepLinearAutoencoder,128,RMSprop,33,0.2964224317073822,0.16364993751049042,0.047200918197631836,1.5941736698150635
Synthetic_784d,DeepLinearAutoencoder,128,RMSprop,34,0.06622718042135238,0.08087121033668518,0.04698681831359863,1.641160488128662
Synthetic_784d,DeepLinearAutoencoder,128,RMSprop,35,0.06345074486732483,0.048173764258623124,0.047297000885009766,1.6884574890136719
Synthetic_784d,DeepLinearAutoencoder,128,RMSprop,36,0.041452987819910046,0.05003816285729408,0.04785418510437012,1.736311674118042
Synthetic_784d,DeepLinearAutoencoder,128,RMSprop,37,0.05403790009021759,0.09591651451587677,0.04626345634460449,1.7825751304626465
Synthetic_784d,DeepLinearAutoencoder,128,RMSprop,38,0.05280181890726089,0.06982482856512069,0.04792308807373047,1.830498218536377
Synthetic_784d,DeepLinearAutoencoder,128,RMSprop,39,0.05645532470941544,0.05239116418361664,0.046979665756225586,1.8774778842926025
Synthetic_784d,DeepLinearAutoencoder,128,RMSprop,40,0.04394936490058899,0.04574254930019379,0.04636406898498535,1.923841953277588
Synthetic_784d,DeepLinearAutoencoder,128,Adasecant,1,0.6691131248474121,0.4444210767745972,0.40952563285827637,0.40952563285827637
Synthetic_784d,DeepLinearAutoencoder,128,Adasecant,2,0.3847739598751068,0.2384990930557251,0.22559380531311035,0.6351194381713867
Synthetic_784d,DeepLinearAutoencoder,128,Adasecant,3,0.2545904153585434,0.040696924835443495,0.22479939460754395,0.8599188327789307
Synthetic_784d,DeepLinearAutoencoder,128,Adasecant,4,0.040097032725811006,0.04092766496539116,0.22478199005126953,1.0847008228302002
Synthetic_784d,DeepLinearAutoencoder,128,Adasecant,5,0.03970928540825844,0.04039272880554199,0.22402620315551758,1.3087270259857178
Synthetic_784d,DeepLinearAutoencoder,128,Adasecant,6,0.03922699576616287,0.03975670674443245,0.2256908416748047,1.5344178676605225
Synthetic_784d,DeepLinearAutoencoder,128,Adasecant,7,0.03918686676025391,0.039128068029880524,0.2243366241455078,1.7587544918060303
Synthetic_784d,DeepLinearAutoencoder,128,Adasecant,8,0.03900404986739159,0.03999247586727142,0.22456717491149902,1.9833216667175293
Synthetic_784d,DeepLinearAutoencoder,128,Adasecant,9,0.0389249256849289,0.03829382386803627,0.22389483451843262,2.207216501235962
Synthetic_784d,DeepLinearAutoencoder,128,Adasecant,10,0.0387585873901844,0.04182176315784454,0.22391843795776367,2.4311349391937256
Synthetic_784d,DeepLinearAutoencoder,128,Adasecant,11,0.03877828371524811,0.03961798706650734,0.22332215309143066,2.6544570922851562
Synthetic_784d,DeepLinearAutoencoder,128,Adasecant,12,0.03864372533559799,0.03811210778355598,0.22408485412597656,2.878541946411133
Synthetic_784d,DeepLinearAutoencoder,128,Adasecant,13,0.03853517404198647,0.03789153560996056,0.22650885581970215,3.105050802230835
Synthetic_784d,DeepLinearAutoencoder,128,Adasecant,14,0.038379178524017336,0.038065412253141404,0.22490191459655762,3.3299527168273926
Synthetic_784d,DeepLinearAutoencoder,128,Adasecant,15,0.03835693648457527,0.03875684830546379,0.22394204139709473,3.5538947582244873
Synthetic_784d,DeepLinearAutoencoder,128,Adasecant,16,0.03836864683032036,0.03851873826980591,0.22528767585754395,3.7791824340820312
Synthetic_784d,DeepLinearAutoencoder,128,Adasecant,17,0.03823373204469681,0.038796335399150846,0.22387409210205078,4.003056526184082
Synthetic_784d,DeepLinearAutoencoder,128,Adasecant,18,0.03819005742669106,0.03918557426333427,0.22453975677490234,4.227596282958984
Synthetic_784d,DeepLinearAutoencoder,128,Adasecant,19,0.03810228058695793,0.03759910145401955,0.2236795425415039,4.451275825500488
Synthetic_784d,DeepLinearAutoencoder,128,Adasecant,20,0.03799099510908127,0.038602763026952744,0.22527217864990234,4.676548004150391
Synthetic_784d,DeepLinearAutoencoder,128,Adasecant,21,0.03794190728664398,0.03840020021796226,0.2249889373779297,4.90153694152832
Synthetic_784d,DeepLinearAutoencoder,128,Adasecant,22,0.03793176919221878,0.03708384332060814,0.2232825756072998,5.12481951713562
Synthetic_784d,DeepLinearAutoencoder,128,Adasecant,23,0.037787292152643204,0.0387950504720211,0.22587370872497559,5.350693225860596
Synthetic_784d,DeepLinearAutoencoder,128,Adasecant,24,0.03771097138524056,0.03853334674239159,0.22404956817626953,5.574742794036865
Synthetic_784d,DeepLinearAutoencoder,128,Adasecant,25,0.03768304118514061,0.03854796436429024,0.22501111030578613,5.799753904342651
Synthetic_784d,DeepLinearAutoencoder,128,Adasecant,26,0.03772973054647446,0.03730246719717979,0.22451138496398926,6.024265289306641
Synthetic_784d,DeepLinearAutoencoder,128,Adasecant,27,0.03757420179247856,0.0372109816968441,0.22460508346557617,6.248870372772217
Synthetic_784d,DeepLinearAutoencoder,128,Adasecant,28,0.037528887152671817,0.03857952496409416,0.22387909889221191,6.472749471664429
Synthetic_784d,DeepLinearAutoencoder,128,Adasecant,29,0.037503654688596726,0.038868369609117506,0.22361350059509277,6.6963629722595215
Synthetic_784d,DeepLinearAutoencoder,128,Adasecant,30,0.03741153419017792,0.038341060400009154,0.2225179672241211,6.918880939483643
Synthetic_784d,DeepLinearAutoencoder,128,Adasecant,31,0.037434715628623966,0.039343931794166564,0.22553038597106934,7.144411325454712
Synthetic_784d,DeepLinearAutoencoder,128,Adasecant,32,0.037439550250768665,0.03736677700281143,0.22406697273254395,7.368478298187256
Synthetic_784d,DeepLinearAutoencoder,128,Adasecant,33,0.03731412363052368,0.037318874508142474,0.22319698333740234,7.591675281524658
Synthetic_784d,DeepLinearAutoencoder,128,Adasecant,34,0.03728500497341156,0.037416466802358626,0.22447991371154785,7.816155195236206
Synthetic_784d,DeepLinearAutoencoder,128,Adasecant,35,0.03722684919834137,0.037572577089071274,0.22405099868774414,8.04020619392395
Synthetic_784d,DeepLinearAutoencoder,128,Adasecant,36,0.03718428075313568,0.036944732129573825,0.2368173599243164,8.277023553848267
Synthetic_784d,DeepLinearAutoencoder,128,Adasecant,37,0.03713506105542183,0.03797073671221733,0.2382957935333252,8.515319347381592
Synthetic_784d,DeepLinearAutoencoder,128,Adasecant,38,0.037110365688800814,0.03760403347015381,0.22679972648620605,8.742119073867798
Synthetic_784d,DeepLinearAutoencoder,128,Adasecant,39,0.03709958547353744,0.03739944395422935,0.22577619552612305,8.967895269393921
Synthetic_784d,DeepLinearAutoencoder,128,Adasecant,40,0.03705971127748489,0.036934018433094025,0.22902894020080566,9.196924209594727
